Get:1 http://deb.debian.org/debian bookworm InRelease [151 kB]
Get:2 http://deb.debian.org/debian bookworm-updates InRelease [55.4 kB]
Get:3 http://deb.debian.org/debian-security bookworm-security InRelease [34.8 kB]
Get:4 http://deb.debian.org/debian bookworm/main arm64 Packages [8689 kB]
Get:5 http://deb.debian.org/debian bookworm-updates/main arm64 Packages [6936 B]
Get:6 http://deb.debian.org/debian-security bookworm-security/main arm64 Packages [344 kB]
Fetched 9281 kB in 5s (1824 kB/s)
Reading package lists...
Reading package lists...
Building dependency tree...
Reading state information...
bash is already the newest version (5.2.15-2+b13).
bash set to manually installed.
The following additional packages will be installed:
  binutils binutils-aarch64-linux-gnu binutils-common build-essential bzip2
  cpp cpp-12 dbus dbus-bin dbus-daemon dbus-session-bus-common
  dbus-system-bus-common dirmngr dpkg-dev eslint fakeroot fontconfig-config
  fonts-dejavu-core g++ g++-12 gcc gcc-12 git git-man gnupg gnupg-l10n
  gnupg-utils gpg gpg-agent gpg-wks-client gpg-wks-server gpgconf gpgsm gyp
  handlebars javascript-common krb5-locales less libabsl20220623
  libalgorithm-diff-perl libalgorithm-diff-xs-perl libalgorithm-merge-perl
  libaom3 libapparmor1 libasan8 libassuan0 libatomic1 libauthen-sasl-perl
  libavif15 libbinutils libbrotli1 libbsd0 libc-ares2 libc-dev-bin
  libc-devtools libc6-dev libcbor0.8 libcc1-0 libclone-perl libcrypt-dev
  libctf-nobfd0 libctf0 libcurl3-gnutls libcurl4 libdata-dump-perl libdav1d6
  libdbus-1-3 libde265-0 libdeflate0 libdpkg-perl libdrm-amdgpu1 libdrm-common
  libdrm-nouveau2 libdrm-radeon1 libdrm2 libedit2 libegl-mesa0 libegl1 libelf1
  libencode-locale-perl liberror-perl libexpat1 libfakeroot libfido2-1
  libfile-basedir-perl libfile-desktopentry-perl libfile-fcntllock-perl
  libfile-listing-perl libfile-mimeinfo-perl libfont-afm-perl libfontconfig1
  libfontenc1 libfreetype6 libgav1-1 libgbm1 libgcc-12-dev libgd3
  libgdbm-compat4 libgdk-pixbuf-2.0-0 libgdk-pixbuf2.0-bin
  libgdk-pixbuf2.0-common libgl1 libgl1-mesa-dri libglapi-mesa libgles2
  libglib2.0-0 libglib2.0-data libglvnd0 libglx-mesa0 libglx0 libgomp1
  libgprofng0 libgssapi-krb5-2 libheif1 libhtml-form-perl libhtml-format-perl
  libhtml-parser-perl libhtml-tagset-perl libhtml-tree-perl
  libhttp-cookies-perl libhttp-daemon-perl libhttp-date-perl
  libhttp-message-perl libhttp-negotiate-perl libhwasan0 libice6 libicu72
  libio-html-perl libio-socket-ssl-perl libio-stringy-perl
  libipc-system-simple-perl libisl23 libitm1 libjansson4 libjbig0
  libjpeg62-turbo libjs-async libjs-events libjs-inherits libjs-is-typedarray
  libjs-prettify libjs-regenerate libjs-source-map libjs-sprintf-js
  libjs-typedarray-to-buffer libjs-util libk5crypto3 libkeyutils1 libkrb5-3
  libkrb5support0 libksba8 libldap-2.5-0 libldap-common liblerc4 libllvm15
  liblocale-gettext-perl liblsan0 liblwp-mediatypes-perl
  liblwp-protocol-https-perl libmailtools-perl libmpc3 libmpfr6
  libnet-dbus-perl libnet-http-perl libnet-smtp-ssl-perl libnet-ssleay-perl
  libnghttp2-14 libnode-dev libnode108 libnotify-bin libnotify4 libnpth0
  libnsl-dev libnsl2 libnuma1 libperl5.36 libpng16-16 libpsl5
  libpython3-stdlib libpython3.11-minimal libpython3.11-stdlib librav1e0
  libregexp-ipv6-perl librtmp1 libsasl2-2 libsasl2-modules libsasl2-modules-db
  libsensors-config libsensors5 libsm6 libssh2-1 libssl-dev libstdc++-12-dev
  libsvtav1enc1 libtext-iconv-perl libtie-ixhash-perl libtiff6
  libtimedate-perl libtirpc-common libtirpc-dev libtirpc3 libtry-tiny-perl
  libtsan2 libubsan1 liburi-perl libuv1 libuv1-dev libwayland-client0
  libwayland-server0 libwebp7 libwww-perl libwww-robotrules-perl libx11-6
  libx11-data libx11-protocol-perl libx11-xcb1 libx265-199 libxau6 libxaw7
  libxcb-dri2-0 libxcb-dri3-0 libxcb-glx0 libxcb-present0 libxcb-randr0
  libxcb-shape0 libxcb-shm0 libxcb-sync1 libxcb-xfixes0 libxcb1 libxcomposite1
  libxcursor1 libxdmcp6 libxext6 libxfixes3 libxft2 libxi6 libxinerama1
  libxkbfile1 libxml-parser-perl libxml-twig-perl libxml-xpathengine-perl
  libxml2 libxmu6 libxmuu1 libxpm4 libxrandr2 libxrender1 libxshmfence1 libxt6
  libxtst6 libxv1 libxxf86dga1 libxxf86vm1 libyuv0 libz3-4 linux-libc-dev make
  manpages manpages-dev media-types node-abbrev node-acorn node-agent-base
  node-ajv node-ajv-keywords node-ampproject-remapping node-ansi-escapes
  node-ansi-regex node-ansi-styles node-anymatch node-aproba node-archy
  node-are-we-there-yet node-argparse node-arrify node-assert node-async
  node-async-each node-auto-bind node-babel-helper-define-polyfill-provider
  node-babel-plugin-add-module-exports node-babel-plugin-lodash
  node-babel-plugin-polyfill-corejs2 node-babel-plugin-polyfill-corejs3
  node-babel-plugin-polyfill-regenerator node-babel7 node-babel7-runtime
  node-balanced-match node-base node-base64-js node-binary-extensions
  node-brace-expansion node-braces node-browserslist node-builtins node-busboy
  node-cacache node-cache-base node-camelcase node-caniuse-lite node-chalk
  node-chokidar node-chownr node-chrome-trace-event node-ci-info
  node-cjs-module-lexer node-cli-boxes node-cli-cursor node-cli-table
  node-cli-truncate node-cliui node-clone node-clone-deep
  node-collection-visit node-color-convert node-color-name node-colors
  node-columnify node-commander node-commondir node-concat-stream
  node-console-control-strings node-convert-source-map node-copy-concurrently
  node-core-js node-core-js-compat node-core-js-pure node-core-util-is
  node-coveralls node-css-loader node-css-selector-tokenizer
  node-data-uri-to-buffer node-debbundle-es-to-primitive node-debug
  node-decamelize node-decompress-response node-deep-equal node-deep-is
  node-defaults node-define-properties node-define-property node-defined
  node-del node-delegates node-depd node-diff node-doctrine
  node-electron-to-chromium node-encoding node-end-of-stream
  node-enhanced-resolve node-err-code node-errno node-error-ex
  node-es-abstract node-es-module-lexer node-es6-error
  node-escape-string-regexp node-escodegen node-eslint-scope node-eslint-utils
  node-eslint-visitor-keys node-espree node-esprima node-esquery
  node-esrecurse node-estraverse node-esutils node-events node-fancy-log
  node-fast-deep-equal node-fast-levenshtein node-fetch node-file-entry-cache
  node-fill-range node-find-cache-dir node-find-up node-flat-cache
  node-flatted node-for-in node-for-own node-foreground-child
  node-fs-readdir-recursive node-fs-write-stream-atomic node-fs.realpath
  node-function-bind node-functional-red-black-tree node-gauge
  node-get-caller-file node-get-stream node-get-value node-glob
  node-glob-parent node-globals node-globby node-got node-graceful-fs
  node-growl node-gyp node-has-flag node-has-unicode node-has-value
  node-has-values node-hosted-git-info node-https-proxy-agent node-iconv-lite
  node-icss-utils node-ieee754 node-iferr node-ignore node-imurmurhash
  node-indent-string node-inflight node-inherits node-ini node-interpret
  node-ip node-ip-regex node-is-arrayish node-is-binary-path node-is-buffer
  node-is-descriptor node-is-extendable node-is-extglob node-is-glob
  node-is-number node-is-path-cwd node-is-path-inside node-is-plain-obj
  node-is-plain-object node-is-primitive node-is-stream node-is-typedarray
  node-is-windows node-isarray node-isexe node-isobject node-istanbul
  node-jest-debbundle node-jest-worker node-js-tokens node-js-yaml node-jsesc
  node-json-buffer node-json-parse-better-errors node-json-schema
  node-json-schema-traverse node-json-stable-stringify node-json5 node-jsonify
  node-jsonparse node-kind-of node-lcov-parse node-levn node-loader-runner
  node-locate-path node-lodash node-lodash-packages node-log-driver
  node-lowercase-keys node-lru-cache node-make-dir node-map-visit node-memfs
  node-memory-fs node-merge-stream node-micromatch node-mime node-mime-types
  node-mimic-response node-minimatch node-minimist node-minipass
  node-mixin-deep node-mkdirp node-move-concurrently node-ms node-mute-stream
  node-n3 node-negotiator node-neo-async node-nopt node-normalize-package-data
  node-normalize-path node-npm-bundled node-npm-package-arg node-npm-run-path
  node-npmlog node-object-assign node-object-inspect node-object-visit
  node-once node-opener node-optimist node-optionator node-osenv
  node-p-cancelable node-p-limit node-p-locate node-p-map node-parse-json
  node-pascalcase node-path-dirname node-path-exists node-path-is-absolute
  node-path-is-inside node-path-type node-picocolors node-pify node-pkg-dir
  node-postcss node-postcss-modules-extract-imports
  node-postcss-modules-values node-postcss-value-parser node-prelude-ls
  node-process-nextick-args node-progress node-promise-inflight
  node-promise-retry node-promzard node-prr node-pump node-punycode
  node-quick-lru node-randombytes node-read node-read-package-json
  node-read-pkg node-readable-stream node-readdirp node-rechoir
  node-regenerate node-regenerate-unicode-properties node-regenerator-runtime
  node-regenerator-transform node-regexpp node-regexpu-core node-regjsgen
  node-regjsparser node-repeat-string node-require-directory node-resolve
  node-resolve-cwd node-resolve-from node-restore-cursor node-resumer
  node-retry node-rimraf node-run-queue node-safe-buffer node-schema-utils
  node-sellside-emitter node-semver node-serialize-javascript
  node-set-blocking node-set-immediate-shim node-set-value
  node-shebang-command node-shebang-regex node-shell-quote node-signal-exit
  node-slash node-slice-ansi node-source-list-map node-source-map
  node-source-map-support node-spdx-correct node-spdx-exceptions
  node-spdx-expression-parse node-spdx-license-ids node-sprintf-js node-ssri
  node-stack-utils node-string-decoder node-string-width node-strip-ansi
  node-strip-bom node-strip-json-comments node-supports-color node-tap
  node-tap-mocha-reporter node-tap-parser node-tapable node-tape node-tar
  node-terser node-text-table node-through node-time-stamp
  node-to-fast-properties node-to-regex-range node-tslib node-type-check
  node-typedarray node-typedarray-to-buffer node-undici
  node-unicode-canonical-property-names-ecmascript
  node-unicode-match-property-ecmascript
  node-unicode-match-property-value-ecmascript
  node-unicode-property-aliases-ecmascript node-union-value
  node-unique-filename node-unset-value node-uri-js node-util
  node-util-deprecate node-uuid node-v8-compile-cache node-v8flags
  node-validate-npm-package-license node-validate-npm-package-name
  node-watchpack node-wcwidth.js node-webassemblyjs node-webpack-sources
  node-which node-wide-align node-widest-line node-wordwrap node-wrap-ansi
  node-wrappy node-write node-write-file-atomic node-ws node-xtend node-y18n
  node-yallist node-yaml node-yargs node-yargs-parser nodejs-doc
  openssh-client patch perl perl-modules-5.36 perl-openssl-defaults
  pinentry-curses publicsuffix python3 python3-minimal python3-pkg-resources
  python3-six python3.11 python3.11-minimal rpcsvc-proto shared-mime-info
  terser webpack x11-common x11-utils x11-xserver-utils xauth xdg-user-dirs
  xdg-utils xz-utils zutty
Suggested packages:
  binutils-doc bzip2-doc cpp-doc gcc-12-locales cpp-12-doc
  default-dbus-session-bus | dbus-session-bus dbus-user-session libpam-systemd
  pinentry-gnome3 tor debian-keyring node-babel-eslint node-esprima-fb
  node-inquirer gcc-12-doc gcc-multilib autoconf automake libtool flex bison
  gdb gcc-doc gettext-base git-daemon-run | git-daemon-sysvinit git-doc
  git-email git-gui gitk gitweb git-cvs git-mediawiki git-svn parcimonie
  xloadimage scdaemon apache2 | lighttpd | httpd libdigest-hmac-perl
  libgssapi-perl glibc-doc sensible-utils bzr libgd-tools low-memory-monitor
  krb5-doc krb5-user libjs-angularjs libcrypt-ssleay-perl notification-daemon
  libsasl2-modules-gssapi-mit | libsasl2-modules-gssapi-heimdal
  libsasl2-modules-ldap libsasl2-modules-otp libsasl2-modules-sql lm-sensors
  libssl-doc libstdc++-12-doc libsub-name-perl libbusiness-isbn-perl
  libauthen-ntlm-perl libunicode-map8-perl libunicode-string-perl
  xml-twig-tools make-doc man-browser node-babel-plugin-polyfill-es-shims
  node-babel7-debug livescript chai node-jest-diff keychain libpam-ssh
  monkeysphere ssh-askpass ed diffutils-doc perl-doc libterm-readline-gnu-perl
  | libterm-readline-perl-perl libtap-harness-archive-perl debhelper
  pinentry-doc python3-doc python3-tk python3-venv python3-setuptools
  python3.11-venv python3.11-doc binfmt-support mesa-utils nickle cairo-5c
  xorg-docs-core
The following NEW packages will be installed:
  binutils binutils-aarch64-linux-gnu binutils-common build-essential bzip2
  cpp cpp-12 curl dbus dbus-bin dbus-daemon dbus-session-bus-common
  dbus-system-bus-common dirmngr dpkg-dev eslint fakeroot fontconfig-config
  fonts-dejavu-core g++ g++-12 gcc gcc-12 git git-man gnupg gnupg-l10n
  gnupg-utils gpg gpg-agent gpg-wks-client gpg-wks-server gpgconf gpgsm gyp
  handlebars javascript-common krb5-locales less libabsl20220623
  libalgorithm-diff-perl libalgorithm-diff-xs-perl libalgorithm-merge-perl
  libaom3 libapparmor1 libasan8 libassuan0 libatomic1 libauthen-sasl-perl
  libavif15 libbinutils libbrotli1 libbsd0 libc-ares2 libc-dev-bin
  libc-devtools libc6-dev libcbor0.8 libcc1-0 libclone-perl libcrypt-dev
  libctf-nobfd0 libctf0 libcurl3-gnutls libcurl4 libdata-dump-perl libdav1d6
  libdbus-1-3 libde265-0 libdeflate0 libdpkg-perl libdrm-amdgpu1 libdrm-common
  libdrm-nouveau2 libdrm-radeon1 libdrm2 libedit2 libegl-mesa0 libegl1 libelf1
  libencode-locale-perl liberror-perl libexpat1 libfakeroot libfido2-1
  libfile-basedir-perl libfile-desktopentry-perl libfile-fcntllock-perl
  libfile-listing-perl libfile-mimeinfo-perl libfont-afm-perl libfontconfig1
  libfontenc1 libfreetype6 libgav1-1 libgbm1 libgcc-12-dev libgd3
  libgdbm-compat4 libgdk-pixbuf-2.0-0 libgdk-pixbuf2.0-bin
  libgdk-pixbuf2.0-common libgl1 libgl1-mesa-dri libglapi-mesa libgles2
  libglib2.0-0 libglib2.0-data libglvnd0 libglx-mesa0 libglx0 libgomp1
  libgprofng0 libgssapi-krb5-2 libheif1 libhtml-form-perl libhtml-format-perl
  libhtml-parser-perl libhtml-tagset-perl libhtml-tree-perl
  libhttp-cookies-perl libhttp-daemon-perl libhttp-date-perl
  libhttp-message-perl libhttp-negotiate-perl libhwasan0 libice6 libicu72
  libio-html-perl libio-socket-ssl-perl libio-stringy-perl
  libipc-system-simple-perl libisl23 libitm1 libjansson4 libjbig0
  libjpeg62-turbo libjs-async libjs-events libjs-inherits libjs-is-typedarray
  libjs-prettify libjs-regenerate libjs-source-map libjs-sprintf-js
  libjs-typedarray-to-buffer libjs-util libk5crypto3 libkeyutils1 libkrb5-3
  libkrb5support0 libksba8 libldap-2.5-0 libldap-common liblerc4 libllvm15
  liblocale-gettext-perl liblsan0 liblwp-mediatypes-perl
  liblwp-protocol-https-perl libmailtools-perl libmpc3 libmpfr6
  libnet-dbus-perl libnet-http-perl libnet-smtp-ssl-perl libnet-ssleay-perl
  libnghttp2-14 libnode-dev libnode108 libnotify-bin libnotify4 libnpth0
  libnsl-dev libnsl2 libnuma1 libperl5.36 libpng16-16 libpsl5
  libpython3-stdlib libpython3.11-minimal libpython3.11-stdlib librav1e0
  libregexp-ipv6-perl librtmp1 libsasl2-2 libsasl2-modules libsasl2-modules-db
  libsensors-config libsensors5 libsm6 libssh2-1 libssl-dev libstdc++-12-dev
  libsvtav1enc1 libtext-iconv-perl libtie-ixhash-perl libtiff6
  libtimedate-perl libtirpc-common libtirpc-dev libtirpc3 libtry-tiny-perl
  libtsan2 libubsan1 liburi-perl libuv1 libuv1-dev libwayland-client0
  libwayland-server0 libwebp7 libwww-perl libwww-robotrules-perl libx11-6
  libx11-data libx11-protocol-perl libx11-xcb1 libx265-199 libxau6 libxaw7
  libxcb-dri2-0 libxcb-dri3-0 libxcb-glx0 libxcb-present0 libxcb-randr0
  libxcb-shape0 libxcb-shm0 libxcb-sync1 libxcb-xfixes0 libxcb1 libxcomposite1
  libxcursor1 libxdmcp6 libxext6 libxfixes3 libxft2 libxi6 libxinerama1
  libxkbfile1 libxml-parser-perl libxml-twig-perl libxml-xpathengine-perl
  libxml2 libxmu6 libxmuu1 libxpm4 libxrandr2 libxrender1 libxshmfence1 libxt6
  libxtst6 libxv1 libxxf86dga1 libxxf86vm1 libyuv0 libz3-4 linux-libc-dev make
  manpages manpages-dev media-types node-abbrev node-acorn node-agent-base
  node-ajv node-ajv-keywords node-ampproject-remapping node-ansi-escapes
  node-ansi-regex node-ansi-styles node-anymatch node-aproba node-archy
  node-are-we-there-yet node-argparse node-arrify node-assert node-async
  node-async-each node-auto-bind node-babel-helper-define-polyfill-provider
  node-babel-plugin-add-module-exports node-babel-plugin-lodash
  node-babel-plugin-polyfill-corejs2 node-babel-plugin-polyfill-corejs3
  node-babel-plugin-polyfill-regenerator node-babel7 node-babel7-runtime
  node-balanced-match node-base node-base64-js node-binary-extensions
  node-brace-expansion node-braces node-browserslist node-builtins node-busboy
  node-cacache node-cache-base node-camelcase node-caniuse-lite node-chalk
  node-chokidar node-chownr node-chrome-trace-event node-ci-info
  node-cjs-module-lexer node-cli-boxes node-cli-cursor node-cli-table
  node-cli-truncate node-cliui node-clone node-clone-deep
  node-collection-visit node-color-convert node-color-name node-colors
  node-columnify node-commander node-commondir node-concat-stream
  node-console-control-strings node-convert-source-map node-copy-concurrently
  node-core-js node-core-js-compat node-core-js-pure node-core-util-is
  node-coveralls node-css-loader node-css-selector-tokenizer
  node-data-uri-to-buffer node-debbundle-es-to-primitive node-debug
  node-decamelize node-decompress-response node-deep-equal node-deep-is
  node-defaults node-define-properties node-define-property node-defined
  node-del node-delegates node-depd node-diff node-doctrine
  node-electron-to-chromium node-encoding node-end-of-stream
  node-enhanced-resolve node-err-code node-errno node-error-ex
  node-es-abstract node-es-module-lexer node-es6-error
  node-escape-string-regexp node-escodegen node-eslint-scope node-eslint-utils
  node-eslint-visitor-keys node-espree node-esprima node-esquery
  node-esrecurse node-estraverse node-esutils node-events node-fancy-log
  node-fast-deep-equal node-fast-levenshtein node-fetch node-file-entry-cache
  node-fill-range node-find-cache-dir node-find-up node-flat-cache
  node-flatted node-for-in node-for-own node-foreground-child
  node-fs-readdir-recursive node-fs-write-stream-atomic node-fs.realpath
  node-function-bind node-functional-red-black-tree node-gauge
  node-get-caller-file node-get-stream node-get-value node-glob
  node-glob-parent node-globals node-globby node-got node-graceful-fs
  node-growl node-gyp node-has-flag node-has-unicode node-has-value
  node-has-values node-hosted-git-info node-https-proxy-agent node-iconv-lite
  node-icss-utils node-ieee754 node-iferr node-ignore node-imurmurhash
  node-indent-string node-inflight node-inherits node-ini node-interpret
  node-ip node-ip-regex node-is-arrayish node-is-binary-path node-is-buffer
  node-is-descriptor node-is-extendable node-is-extglob node-is-glob
  node-is-number node-is-path-cwd node-is-path-inside node-is-plain-obj
  node-is-plain-object node-is-primitive node-is-stream node-is-typedarray
  node-is-windows node-isarray node-isexe node-isobject node-istanbul
  node-jest-debbundle node-jest-worker node-js-tokens node-js-yaml node-jsesc
  node-json-buffer node-json-parse-better-errors node-json-schema
  node-json-schema-traverse node-json-stable-stringify node-json5 node-jsonify
  node-jsonparse node-kind-of node-lcov-parse node-levn node-loader-runner
  node-locate-path node-lodash node-lodash-packages node-log-driver
  node-lowercase-keys node-lru-cache node-make-dir node-map-visit node-memfs
  node-memory-fs node-merge-stream node-micromatch node-mime node-mime-types
  node-mimic-response node-minimatch node-minimist node-minipass
  node-mixin-deep node-mkdirp node-move-concurrently node-ms node-mute-stream
  node-n3 node-negotiator node-neo-async node-nopt node-normalize-package-data
  node-normalize-path node-npm-bundled node-npm-package-arg node-npm-run-path
  node-npmlog node-object-assign node-object-inspect node-object-visit
  node-once node-opener node-optimist node-optionator node-osenv
  node-p-cancelable node-p-limit node-p-locate node-p-map node-parse-json
  node-pascalcase node-path-dirname node-path-exists node-path-is-absolute
  node-path-is-inside node-path-type node-picocolors node-pify node-pkg-dir
  node-postcss node-postcss-modules-extract-imports
  node-postcss-modules-values node-postcss-value-parser node-prelude-ls
  node-process-nextick-args node-progress node-promise-inflight
  node-promise-retry node-promzard node-prr node-pump node-punycode
  node-quick-lru node-randombytes node-read node-read-package-json
  node-read-pkg node-readable-stream node-readdirp node-rechoir
  node-regenerate node-regenerate-unicode-properties node-regenerator-runtime
  node-regenerator-transform node-regexpp node-regexpu-core node-regjsgen
  node-regjsparser node-repeat-string node-require-directory node-resolve
  node-resolve-cwd node-resolve-from node-restore-cursor node-resumer
  node-retry node-rimraf node-run-queue node-safe-buffer node-schema-utils
  node-sellside-emitter node-semver node-serialize-javascript
  node-set-blocking node-set-immediate-shim node-set-value
  node-shebang-command node-shebang-regex node-shell-quote node-signal-exit
  node-slash node-slice-ansi node-source-list-map node-source-map
  node-source-map-support node-spdx-correct node-spdx-exceptions
  node-spdx-expression-parse node-spdx-license-ids node-sprintf-js node-ssri
  node-stack-utils node-string-decoder node-string-width node-strip-ansi
  node-strip-bom node-strip-json-comments node-supports-color node-tap
  node-tap-mocha-reporter node-tap-parser node-tapable node-tape node-tar
  node-terser node-text-table node-through node-time-stamp
  node-to-fast-properties node-to-regex-range node-tslib node-type-check
  node-typedarray node-typedarray-to-buffer node-undici
  node-unicode-canonical-property-names-ecmascript
  node-unicode-match-property-ecmascript
  node-unicode-match-property-value-ecmascript
  node-unicode-property-aliases-ecmascript node-union-value
  node-unique-filename node-unset-value node-uri-js node-util
  node-util-deprecate node-uuid node-v8-compile-cache node-v8flags
  node-validate-npm-package-license node-validate-npm-package-name
  node-watchpack node-wcwidth.js node-webassemblyjs node-webpack-sources
  node-which node-wide-align node-widest-line node-wordwrap node-wrap-ansi
  node-wrappy node-write node-write-file-atomic node-ws node-xtend node-y18n
  node-yallist node-yaml node-yargs node-yargs-parser nodejs nodejs-doc npm
  openssh-client patch perl perl-modules-5.36 perl-openssl-defaults
  pinentry-curses publicsuffix python3 python3-minimal python3-pkg-resources
  python3-six python3.11 python3.11-minimal ripgrep rpcsvc-proto
  shared-mime-info terser webpack x11-common x11-utils x11-xserver-utils xauth
  xdg-user-dirs xdg-utils xz-utils zutty
0 upgraded, 660 newly installed, 0 to remove and 1 not upgraded.
Need to get 190 MB of archives.
After this operation, 869 MB of additional disk space will be used.
Get:1 http://deb.debian.org/debian bookworm/main arm64 libdbus-1-3 arm64 1.14.10-1~deb12u1 [193 kB]
Get:2 http://deb.debian.org/debian bookworm/main arm64 dbus-bin arm64 1.14.10-1~deb12u1 [104 kB]
Get:3 http://deb.debian.org/debian bookworm/main arm64 dbus-session-bus-common all 1.14.10-1~deb12u1 [78.2 kB]
Get:4 http://deb.debian.org/debian bookworm/main arm64 libapparmor1 arm64 3.0.8-3 [40.3 kB]
Get:5 http://deb.debian.org/debian-security bookworm-security/main arm64 libexpat1 arm64 2.5.0-1+deb12u4 [89.2 kB]
Get:6 http://deb.debian.org/debian bookworm/main arm64 dbus-daemon arm64 1.14.10-1~deb12u1 [176 kB]
Get:7 http://deb.debian.org/debian bookworm/main arm64 dbus-system-bus-common all 1.14.10-1~deb12u1 [79.3 kB]
Get:8 http://deb.debian.org/debian bookworm/main arm64 dbus arm64 1.14.10-1~deb12u1 [96.2 kB]
Get:9 http://deb.debian.org/debian bookworm/main arm64 perl-modules-5.36 all 5.36.0-7+deb12u3 [2815 kB]
Get:10 http://deb.debian.org/debian bookworm/main arm64 libgdbm-compat4 arm64 1.23-3 [48.0 kB]
Get:11 http://deb.debian.org/debian bookworm/main arm64 libperl5.36 arm64 5.36.0-7+deb12u3 [4009 kB]
Get:12 http://deb.debian.org/debian bookworm/main arm64 perl arm64 5.36.0-7+deb12u3 [239 kB]
Get:13 http://deb.debian.org/debian bookworm/main arm64 liblocale-gettext-perl arm64 1.07-5 [15.1 kB]
Get:14 http://deb.debian.org/debian bookworm/main arm64 libpython3.11-minimal arm64 3.11.2-6+deb12u8 [811 kB]
Get:15 http://deb.debian.org/debian bookworm/main arm64 python3.11-minimal arm64 3.11.2-6+deb12u8 [1861 kB]
Get:16 http://deb.debian.org/debian bookworm/main arm64 python3-minimal arm64 3.11.2-1+b1 [26.3 kB]
Get:17 http://deb.debian.org/debian bookworm/main arm64 media-types all 10.0.0 [26.1 kB]
Get:18 http://deb.debian.org/debian bookworm/main arm64 libkrb5support0 arm64 1.20.1-2+deb12u5 [32.6 kB]
Get:19 http://deb.debian.org/debian bookworm/main arm64 libk5crypto3 arm64 1.20.1-2+deb12u5 [79.9 kB]
Get:20 http://deb.debian.org/debian bookworm/main arm64 libkeyutils1 arm64 1.6.3-2 [8844 B]
Get:21 http://deb.debian.org/debian bookworm/main arm64 libkrb5-3 arm64 1.20.1-2+deb12u5 [316 kB]
Get:22 http://deb.debian.org/debian bookworm/main arm64 libgssapi-krb5-2 arm64 1.20.1-2+deb12u5 [124 kB]
Get:23 http://deb.debian.org/debian bookworm/main arm64 libtirpc-common all 1.3.3+ds-1 [14.0 kB]
Get:24 http://deb.debian.org/debian bookworm/main arm64 libtirpc3 arm64 1.3.3+ds-1 [80.9 kB]
Get:25 http://deb.debian.org/debian bookworm/main arm64 libnsl2 arm64 1.3.0-2 [36.9 kB]
Get:26 http://deb.debian.org/debian bookworm/main arm64 libpython3.11-stdlib arm64 3.11.2-6+deb12u8 [1750 kB]
Get:27 http://deb.debian.org/debian bookworm/main arm64 python3.11 arm64 3.11.2-6+deb12u8 [574 kB]
Get:28 http://deb.debian.org/debian bookworm/main arm64 libpython3-stdlib arm64 3.11.2-1+b1 [9296 B]
Get:29 http://deb.debian.org/debian bookworm/main arm64 python3 arm64 3.11.2-1+b1 [26.3 kB]
Get:30 http://deb.debian.org/debian bookworm/main arm64 less arm64 590-2.1~deb12u2 [128 kB]
Get:31 http://deb.debian.org/debian bookworm/main arm64 bzip2 arm64 1.0.8-5+b1 [48.9 kB]
Get:32 http://deb.debian.org/debian bookworm/main arm64 krb5-locales all 1.20.1-2+deb12u5 [63.5 kB]
Get:33 http://deb.debian.org/debian bookworm/main arm64 manpages all 6.03-2 [1332 kB]
Get:34 http://deb.debian.org/debian bookworm/main arm64 libbsd0 arm64 0.11.7-2 [115 kB]
Get:35 http://deb.debian.org/debian bookworm/main arm64 libedit2 arm64 3.1-20221030-2 [88.1 kB]
Get:36 http://deb.debian.org/debian bookworm/main arm64 libcbor0.8 arm64 0.8.0-2+b1 [26.0 kB]
Get:37 http://deb.debian.org/debian bookworm/main arm64 libfido2-1 arm64 1.12.0-2+b1 [72.6 kB]
Get:38 http://deb.debian.org/debian bookworm/main arm64 openssh-client arm64 1:9.2p1-2+deb12u10 [935 kB]
Get:39 http://deb.debian.org/debian-security bookworm-security/main arm64 xz-utils arm64 5.4.1-1+deb12u2 [471 kB]
Get:40 http://deb.debian.org/debian bookworm/main arm64 binutils-common arm64 2.40-2 [2487 kB]
Get:41 http://deb.debian.org/debian bookworm/main arm64 libbinutils arm64 2.40-2 [645 kB]
Get:42 http://deb.debian.org/debian bookworm/main arm64 libctf-nobfd0 arm64 2.40-2 [144 kB]
Get:43 http://deb.debian.org/debian bookworm/main arm64 libctf0 arm64 2.40-2 [79.2 kB]
Get:44 http://deb.debian.org/debian bookworm/main arm64 libgprofng0 arm64 2.40-2 [680 kB]
Get:45 http://deb.debian.org/debian bookworm/main arm64 libjansson4 arm64 2.14-2 [40.2 kB]
Get:46 http://deb.debian.org/debian bookworm/main arm64 binutils-aarch64-linux-gnu arm64 2.40-2 [2637 kB]
Get:47 http://deb.debian.org/debian bookworm/main arm64 binutils arm64 2.40-2 [64.9 kB]
Get:48 http://deb.debian.org/debian bookworm/main arm64 libc-dev-bin arm64 2.36-9+deb12u14 [47.2 kB]
Get:49 http://deb.debian.org/debian-security bookworm-security/main arm64 linux-libc-dev arm64 6.1.187-1 [2333 kB]
Get:50 http://deb.debian.org/debian bookworm/main arm64 libcrypt-dev arm64 1:4.4.33-2 [121 kB]
Get:51 http://deb.debian.org/debian bookworm/main arm64 libtirpc-dev arm64 1.3.3+ds-1 [194 kB]
Get:52 http://deb.debian.org/debian bookworm/main arm64 libnsl-dev arm64 1.3.0-2 [66.1 kB]
Get:53 http://deb.debian.org/debian bookworm/main arm64 rpcsvc-proto arm64 1.4.3-1 [59.7 kB]
Get:54 http://deb.debian.org/debian bookworm/main arm64 libc6-dev arm64 2.36-9+deb12u14 [1436 kB]
Get:55 http://deb.debian.org/debian bookworm/main arm64 libisl23 arm64 0.25-1.1 [610 kB]
Get:56 http://deb.debian.org/debian bookworm/main arm64 libmpfr6 arm64 4.2.0-1 [600 kB]
Get:57 http://deb.debian.org/debian bookworm/main arm64 libmpc3 arm64 1.3.1-1 [49.2 kB]
Get:58 http://deb.debian.org/debian bookworm/main arm64 cpp-12 arm64 12.2.0-14+deb12u1 [8228 kB]
Get:59 http://deb.debian.org/debian bookworm/main arm64 cpp arm64 4:12.2.0-3 [6832 B]
Get:60 http://deb.debian.org/debian bookworm/main arm64 libcc1-0 arm64 12.2.0-14+deb12u1 [37.7 kB]
Get:61 http://deb.debian.org/debian bookworm/main arm64 libgomp1 arm64 12.2.0-14+deb12u1 [104 kB]
Get:62 http://deb.debian.org/debian bookworm/main arm64 libitm1 arm64 12.2.0-14+deb12u1 [24.0 kB]
Get:63 http://deb.debian.org/debian bookworm/main arm64 libatomic1 arm64 12.2.0-14+deb12u1 [9568 B]
Get:64 http://deb.debian.org/debian bookworm/main arm64 libasan8 arm64 12.2.0-14+deb12u1 [2096 kB]
Get:65 http://deb.debian.org/debian bookworm/main arm64 liblsan0 arm64 12.2.0-14+deb12u1 [926 kB]
Get:66 http://deb.debian.org/debian bookworm/main arm64 libtsan2 arm64 12.2.0-14+deb12u1 [2178 kB]
Get:67 http://deb.debian.org/debian bookworm/main arm64 libubsan1 arm64 12.2.0-14+deb12u1 [862 kB]
Get:68 http://deb.debian.org/debian bookworm/main arm64 libhwasan0 arm64 12.2.0-14+deb12u1 [999 kB]
Get:69 http://deb.debian.org/debian bookworm/main arm64 libgcc-12-dev arm64 12.2.0-14+deb12u1 [956 kB]
Get:70 http://deb.debian.org/debian bookworm/main arm64 gcc-12 arm64 12.2.0-14+deb12u1 [16.3 MB]
Get:71 http://deb.debian.org/debian bookworm/main arm64 gcc arm64 4:12.2.0-3 [5244 B]
Get:72 http://deb.debian.org/debian bookworm/main arm64 libstdc++-12-dev arm64 12.2.0-14+deb12u1 [2007 kB]
Get:73 http://deb.debian.org/debian bookworm/main arm64 g++-12 arm64 12.2.0-14+deb12u1 [9072 kB]
Get:74 http://deb.debian.org/debian bookworm/main arm64 g++ arm64 4:12.2.0-3 [1336 B]
Get:75 http://deb.debian.org/debian bookworm/main arm64 make arm64 4.3-4.1 [391 kB]
Get:76 http://deb.debian.org/debian bookworm/main arm64 libdpkg-perl all 1.21.23 [604 kB]
Get:77 http://deb.debian.org/debian bookworm/main arm64 patch arm64 2.7.6-7 [121 kB]
Get:78 http://deb.debian.org/debian bookworm/main arm64 dpkg-dev all 1.21.23 [1354 kB]
Get:79 http://deb.debian.org/debian bookworm/main arm64 build-essential arm64 12.9 [7704 B]
Get:80 http://deb.debian.org/debian bookworm/main arm64 libbrotli1 arm64 1.0.9-2+b6 [269 kB]
Get:81 http://deb.debian.org/debian bookworm/main arm64 libsasl2-modules-db arm64 2.1.28+dfsg-10 [20.8 kB]
Get:82 http://deb.debian.org/debian bookworm/main arm64 libsasl2-2 arm64 2.1.28+dfsg-10 [58.0 kB]
Get:83 http://deb.debian.org/debian bookworm/main arm64 libldap-2.5-0 arm64 2.5.13+dfsg-5 [171 kB]
Get:84 http://deb.debian.org/debian bookworm/main arm64 libnghttp2-14 arm64 1.52.0-1+deb12u3 [69.0 kB]
Get:85 http://deb.debian.org/debian bookworm/main arm64 libpsl5 arm64 0.21.2-1 [58.6 kB]
Get:86 http://deb.debian.org/debian bookworm/main arm64 librtmp1 arm64 2.4+20151223.gitfa8646d.1-2+b2 [59.4 kB]
Get:87 http://deb.debian.org/debian-security bookworm-security/main arm64 libssh2-1 arm64 1.10.0-3+deb12u1 [169 kB]
Get:88 http://deb.debian.org/debian bookworm/main arm64 libcurl4 arm64 7.88.1-10+deb12u15 [367 kB]
Get:89 http://deb.debian.org/debian bookworm/main arm64 curl arm64 7.88.1-10+deb12u15 [310 kB]
Get:90 http://deb.debian.org/debian bookworm/main arm64 libassuan0 arm64 2.5.5-5 [45.9 kB]
Get:91 http://deb.debian.org/debian bookworm/main arm64 gpgconf arm64 2.2.40-1.1+deb12u2 [557 kB]
Get:92 http://deb.debian.org/debian bookworm/main arm64 libksba8 arm64 1.6.3-2 [119 kB]
Get:93 http://deb.debian.org/debian bookworm/main arm64 libnpth0 arm64 1.6-3 [18.6 kB]
Get:94 http://deb.debian.org/debian bookworm/main arm64 dirmngr arm64 2.2.40-1.1+deb12u2 [769 kB]
Get:95 http://deb.debian.org/debian bookworm/main arm64 node-fast-deep-equal all 3.1.3-3 [5768 B]
Get:96 http://deb.debian.org/debian bookworm/main arm64 node-json-schema-traverse all 1.0.0-3 [6308 B]
Get:97 http://deb.debian.org/debian bookworm/main arm64 node-jsonify all 0.0.1-1 [8704 B]
Get:98 http://deb.debian.org/debian bookworm/main arm64 node-json-stable-stringify all 1.0.2+~cs5.2.34-1 [11.3 kB]
Get:99 http://deb.debian.org/debian bookworm/main arm64 libc-ares2 arm64 1.18.1-3 [99.2 kB]
Get:100 http://deb.debian.org/debian bookworm/main arm64 libicu72 arm64 72.1-3+deb12u1 [9202 kB]
Get:101 http://deb.debian.org/debian bookworm/main arm64 libuv1 arm64 1.44.2-1+deb12u1 [130 kB]
Get:102 http://deb.debian.org/debian bookworm/main arm64 node-xtend all 4.0.2-3 [3932 B]
Get:103 http://deb.debian.org/debian bookworm/main arm64 node-acorn all 8.8.1+ds+~cs25.17.7-2 [128 kB]
Get:104 http://deb.debian.org/debian bookworm/main arm64 node-cjs-module-lexer all 1.2.2+dfsg-5 [30.1 kB]
Get:105 http://deb.debian.org/debian bookworm/main arm64 node-busboy all 1.6.0+~cs2.6.0-2 [16.9 kB]
Get:106 http://deb.debian.org/debian bookworm/main arm64 node-undici all 5.15.0+dfsg1+~cs20.10.9.3-1+deb12u4 [285 kB]
Get:107 http://deb.debian.org/debian-security bookworm-security/main arm64 libnode108 arm64 18.20.4+dfsg-1~deb12u3 [9568 kB]
Get:108 http://deb.debian.org/debian-security bookworm-security/main arm64 nodejs arm64 18.20.4+dfsg-1~deb12u3 [322 kB]
Get:109 http://deb.debian.org/debian bookworm/main arm64 node-punycode all 2.1.1-6 [9444 B]
Get:110 http://deb.debian.org/debian bookworm/main arm64 node-uri-js all 4.4.0+dfsg-8 [47.3 kB]
Get:111 http://deb.debian.org/debian bookworm/main arm64 node-ajv all 6.12.6-3 [74.0 kB]
Get:112 http://deb.debian.org/debian bookworm/main arm64 libjs-inherits all 2.0.4-6 [3548 B]
Get:113 http://deb.debian.org/debian bookworm/main arm64 node-inherits all 2.0.4-6 [4548 B]
Get:114 http://deb.debian.org/debian bookworm/main arm64 node-core-util-is all 1.0.3-1 [4072 B]
Get:115 http://deb.debian.org/debian bookworm/main arm64 node-safe-buffer all 5.2.1+~cs2.1.2-3 [15.5 kB]
Get:116 http://deb.debian.org/debian bookworm/main arm64 node-string-decoder all 1.3.0-6 [7180 B]
Get:117 http://deb.debian.org/debian bookworm/main arm64 node-process-nextick-args all 2.0.1-3 [3816 B]
Get:118 http://deb.debian.org/debian bookworm/main arm64 node-util-deprecate all 1.0.2-3 [4436 B]
Get:119 http://deb.debian.org/debian bookworm/main arm64 node-isarray all 2.0.5-4 [4040 B]
Get:120 http://deb.debian.org/debian bookworm/main arm64 node-readable-stream all 3.6.0+~cs3.0.0-4 [32.0 kB]
Get:121 http://deb.debian.org/debian bookworm/main arm64 node-typedarray all 0.0.7-1 [11.4 kB]
Get:122 http://deb.debian.org/debian bookworm/main arm64 node-concat-stream all 2.0.0+~2.0.0-2 [6388 B]
Get:123 http://deb.debian.org/debian bookworm/main arm64 node-ms all 2.1.3+~cs0.7.31-3 [5648 B]
Get:124 http://deb.debian.org/debian bookworm/main arm64 node-debug all 4.3.4+~cs4.1.7-1 [18.1 kB]
Get:125 http://deb.debian.org/debian bookworm/main arm64 node-esutils all 2.0.3+~2.0.0-1 [12.4 kB]
Get:126 http://deb.debian.org/debian bookworm/main arm64 node-doctrine all 3.0.0-4 [19.9 kB]
Get:127 http://deb.debian.org/debian bookworm/main arm64 node-eslint-visitor-keys all 3.3.0+~1.0.0-1 [17.1 kB]
Get:128 http://deb.debian.org/debian bookworm/main arm64 node-estraverse all 5.3.0+ds+~5.1.1-1 [11.6 kB]
Get:129 http://deb.debian.org/debian bookworm/main arm64 node-object-assign all 4.1.1-7 [4684 B]
Get:130 http://deb.debian.org/debian bookworm/main arm64 node-esrecurse all 4.3.0-2 [6048 B]
Get:131 http://deb.debian.org/debian bookworm/main arm64 node-eslint-scope all 7.1.1+~3.7.4-1 [35.6 kB]
Get:132 http://deb.debian.org/debian bookworm/main arm64 node-espree all 9.4.1~dfsg-1 [41.0 kB]
Get:133 http://deb.debian.org/debian bookworm/main arm64 node-esquery all 1.4.2~ds-1 [24.9 kB]
Get:134 http://deb.debian.org/debian bookworm/main arm64 node-eslint-utils all 3.0.0-3 [15.5 kB]
Get:135 http://deb.debian.org/debian bookworm/main arm64 node-flatted all 3.2.7~ds-1+deb12u1 [10.4 kB]
Get:136 http://deb.debian.org/debian bookworm/main arm64 node-fs.realpath all 1.0.0-3 [6172 B]
Get:137 http://deb.debian.org/debian bookworm/main arm64 node-wrappy all 1.0.2-3 [3776 B]
Get:138 http://deb.debian.org/debian bookworm/main arm64 node-once all 1.4.0-7 [4492 B]
Get:139 http://deb.debian.org/debian bookworm/main arm64 node-inflight all 1.0.6-2 [3952 B]
Get:140 http://deb.debian.org/debian bookworm/main arm64 node-balanced-match all 2.0.0-1 [4872 B]
Get:141 http://deb.debian.org/debian bookworm/main arm64 node-brace-expansion all 2.0.1-2 [7320 B]
Get:142 http://deb.debian.org/debian bookworm/main arm64 node-minimatch all 5.1.1+~5.1.2-1 [18.6 kB]
Get:143 http://deb.debian.org/debian bookworm/main arm64 node-glob all 8.0.3+~cs8.4.15-1 [133 kB]
Get:144 http://deb.debian.org/debian bookworm/main arm64 node-rimraf all 3.0.2-2 [11.1 kB]
Get:145 http://deb.debian.org/debian bookworm/main arm64 node-write all 2.0.0~6.0.0+~3.0.4+~2.0.0+~1.0.0+~2.0.1-5 [17.8 kB]
Get:146 http://deb.debian.org/debian bookworm/main arm64 node-flat-cache all 3.0.4~6.0.0+~3.0.4+~2.0.0+~1.0.0+~2.0.1-5 [20.1 kB]
Get:147 http://deb.debian.org/debian bookworm/main arm64 node-file-entry-cache all 6.0.0+~3.0.4+~2.0.0+~1.0.0+~2.0.1-5 [15.0 kB]
Get:148 http://deb.debian.org/debian bookworm/main arm64 node-functional-red-black-tree all 1.0.1+20181105-7 [14.1 kB]
Get:149 http://deb.debian.org/debian bookworm/main arm64 node-is-extglob all 2.1.1-5 [4612 B]
Get:150 http://deb.debian.org/debian bookworm/main arm64 node-is-glob all 4.0.3-2 [6620 B]
Get:151 http://deb.debian.org/debian bookworm/main arm64 node-path-dirname all 1.0.2-2 [4312 B]
Get:152 http://deb.debian.org/debian bookworm/main arm64 node-glob-parent all 6.0.2+~5.1.1-2 [8784 B]
Get:153 http://deb.debian.org/debian bookworm/main arm64 node-globals all 13.18.0-1 [11.1 kB]
Get:154 http://deb.debian.org/debian bookworm/main arm64 node-resolve-from all 5.0.0+~3.1.0+~3.3.0+~2.0.0-1 [7292 B]
Get:155 http://deb.debian.org/debian bookworm/main arm64 node-imurmurhash all 0.1.4+dfsg+~0.1.1-2 [8412 B]
Get:156 http://deb.debian.org/debian bookworm/main arm64 node-ignore all 5.2.1-1 [26.4 kB]
Get:157 http://deb.debian.org/debian bookworm/main arm64 node-prelude-ls all 1.2.1+dfsg-3 [11.3 kB]
Get:158 http://deb.debian.org/debian bookworm/main arm64 node-type-check all 0.4.0+dfsg-3 [9184 B]
Get:159 http://deb.debian.org/debian bookworm/main arm64 node-levn all 0.4.1+dfsg-2 [10.2 kB]
Get:160 http://deb.debian.org/debian bookworm/main arm64 node-lodash all 4.17.21+dfsg+~cs8.31.198.20210220-9 [462 kB]
Get:161 http://deb.debian.org/debian bookworm/main arm64 node-memfs all 3.4.12+~cs1.0.3-1 [46.8 kB]
Get:162 http://deb.debian.org/debian bookworm/main arm64 node-mkdirp all 1.0.4+~1.0.2-4 [11.6 kB]
Get:163 http://deb.debian.org/debian bookworm/main arm64 node-deep-is all 0.1.4-1 [5136 B]
Get:164 http://deb.debian.org/debian bookworm/main arm64 node-fast-levenshtein all 2.0.6+ds-3 [6040 B]
Get:165 http://deb.debian.org/debian bookworm/main arm64 node-optionator all 0.9.1+dfsg+~cs1.2.3-1 [17.6 kB]
Get:166 http://deb.debian.org/debian bookworm/main arm64 node-progress all 2.0.3-2 [8256 B]
Get:167 http://deb.debian.org/debian bookworm/main arm64 libjs-regenerate all 1.4.2-3 [14.3 kB]
Get:168 http://deb.debian.org/debian bookworm/main arm64 node-regenerate all 1.4.2-3 [7388 B]
Get:169 http://deb.debian.org/debian bookworm/main arm64 node-regenerate-unicode-properties all 10.1.0+ds-1 [50.7 kB]
Get:170 http://deb.debian.org/debian bookworm/main arm64 node-regexpp all 3.2.0-4+deb12u1 [27.0 kB]
Get:171 http://deb.debian.org/debian bookworm/main arm64 node-yallist all 4.0.0+~4.0.1-1 [8172 B]
Get:172 http://deb.debian.org/debian bookworm/main arm64 node-lru-cache all 7.14.1-1 [26.3 kB]
Get:173 http://deb.debian.org/debian bookworm/main arm64 node-semver all 7.3.5+~7.3.9-2 [42.1 kB]
Get:174 http://deb.debian.org/debian bookworm/main arm64 node-strip-json-comments all 4.0.0-4 [5668 B]
Get:175 http://deb.debian.org/debian bookworm/main arm64 node-json-schema all 0.4.0+~7.0.11-1 [13.1 kB]
Get:176 http://deb.debian.org/debian bookworm/main arm64 node-v8-compile-cache all 2.3.0-3+deb12u1 [8464 B]
Get:177 http://deb.debian.org/debian bookworm/main arm64 eslint all 6.4.0~dfsg+~6.1.9-7 [606 kB]
Get:178 http://deb.debian.org/debian bookworm/main arm64 libfakeroot arm64 1.31-1.2 [27.9 kB]
Get:179 http://deb.debian.org/debian bookworm/main arm64 fakeroot arm64 1.31-1.2 [66.4 kB]
Get:180 http://deb.debian.org/debian bookworm/main arm64 fonts-dejavu-core all 2.37-6 [1068 kB]
Get:181 http://deb.debian.org/debian bookworm/main arm64 fontconfig-config arm64 2.14.1-4 [315 kB]
Get:182 http://deb.debian.org/debian bookworm/main arm64 libcurl3-gnutls arm64 7.88.1-10+deb12u15 [362 kB]
Get:183 http://deb.debian.org/debian bookworm/main arm64 liberror-perl all 0.17029-2 [29.0 kB]
Get:184 http://deb.debian.org/debian bookworm/main arm64 git-man all 1:2.39.5-0+deb12u3 [2053 kB]
Get:185 http://deb.debian.org/debian bookworm/main arm64 git arm64 1:2.39.5-0+deb12u3 [7153 kB]
Get:186 http://deb.debian.org/debian bookworm/main arm64 gnupg-l10n all 2.2.40-1.1+deb12u2 [1093 kB]
Get:187 http://deb.debian.org/debian bookworm/main arm64 gnupg-utils arm64 2.2.40-1.1+deb12u2 [879 kB]
Get:188 http://deb.debian.org/debian bookworm/main arm64 gpg arm64 2.2.40-1.1+deb12u2 [902 kB]
Get:189 http://deb.debian.org/debian bookworm/main arm64 pinentry-curses arm64 1.2.1-1 [75.2 kB]
Get:190 http://deb.debian.org/debian bookworm/main arm64 gpg-agent arm64 2.2.40-1.1+deb12u2 [673 kB]
Get:191 http://deb.debian.org/debian bookworm/main arm64 gpg-wks-client arm64 2.2.40-1.1+deb12u2 [533 kB]
Get:192 http://deb.debian.org/debian bookworm/main arm64 gpg-wks-server arm64 2.2.40-1.1+deb12u2 [525 kB]
Get:193 http://deb.debian.org/debian bookworm/main arm64 gpgsm arm64 2.2.40-1.1+deb12u2 [650 kB]
Get:194 http://deb.debian.org/debian bookworm/main arm64 gnupg all 2.2.40-1.1+deb12u2 [846 kB]
Get:195 http://deb.debian.org/debian bookworm/main arm64 python3-pkg-resources all 66.1.1-1+deb12u2 [297 kB]
Get:196 http://deb.debian.org/debian bookworm/main arm64 python3-six all 1.16.0-4 [17.5 kB]
Get:197 http://deb.debian.org/debian bookworm/main arm64 gyp all 0.1+20220404git9ecf45e-2 [237 kB]
Get:198 http://deb.debian.org/debian bookworm/main arm64 node-neo-async all 2.6.2+~cs3.0.0-2 [35.2 kB]
Get:199 http://deb.debian.org/debian bookworm/main arm64 node-arrify all 2.0.1-3 [3700 B]
Get:200 http://deb.debian.org/debian bookworm/main arm64 node-is-plain-obj all 3.0.0-2 [3972 B]
Get:201 http://deb.debian.org/debian bookworm/main arm64 node-is-buffer all 2.0.5-2 [4112 B]
Get:202 http://deb.debian.org/debian bookworm/main arm64 node-kind-of all 6.0.3+dfsg-2 [10.2 kB]
Get:203 http://deb.debian.org/debian bookworm/main arm64 node-minimist all 1.2.7+~cs5.3.2-2 [14.7 kB]
Get:204 http://deb.debian.org/debian bookworm/main arm64 node-wordwrap all 1.0.0-4 [4628 B]
Get:205 http://deb.debian.org/debian bookworm/main arm64 node-optimist all 0.6.1+~0.0.30-2 [13.5 kB]
Get:206 http://deb.debian.org/debian bookworm/main arm64 libjs-source-map all 0.7.0++dfsg2+really.0.6.1-15 [29.6 kB]
Get:207 http://deb.debian.org/debian bookworm/main arm64 node-source-map all 0.7.0++dfsg2+really.0.6.1-15 [41.7 kB]
Get:208 http://deb.debian.org/debian bookworm/main arm64 handlebars all 3:4.7.7+~4.1.0-1 [199 kB]
Get:209 http://deb.debian.org/debian bookworm/main arm64 javascript-common all 11+nmu1 [6260 B]
Get:210 http://deb.debian.org/debian bookworm/main arm64 libabsl20220623 arm64 20220623.1-1+deb12u2 [363 kB]
Get:211 http://deb.debian.org/debian bookworm/main arm64 libalgorithm-diff-perl all 1.201-1 [43.3 kB]
Get:212 http://deb.debian.org/debian bookworm/main arm64 libalgorithm-diff-xs-perl arm64 0.04-8+b1 [11.2 kB]
Get:213 http://deb.debian.org/debian bookworm/main arm64 libalgorithm-merge-perl all 0.08-5 [11.8 kB]
Get:214 http://deb.debian.org/debian-security bookworm-security/main arm64 libaom3 arm64 3.6.0-1+deb12u3 [1374 kB]
Get:215 http://deb.debian.org/debian bookworm/main arm64 libauthen-sasl-perl all 2.1600-3 [43.9 kB]
Get:216 http://deb.debian.org/debian bookworm/main arm64 libdav1d6 arm64 1.0.0-2+deb12u1 [275 kB]
Get:217 http://deb.debian.org/debian bookworm/main arm64 libgav1-1 arm64 0.18.0-1+b1 [425 kB]
Get:218 http://deb.debian.org/debian bookworm/main arm64 librav1e0 arm64 0.5.1-6 [552 kB]
Get:219 http://deb.debian.org/debian bookworm/main arm64 libsvtav1enc1 arm64 1.4.1+dfsg-1 [1074 kB]
Get:220 http://deb.debian.org/debian bookworm/main arm64 libjpeg62-turbo arm64 1:2.1.5-2 [171 kB]
Get:221 http://deb.debian.org/debian bookworm/main arm64 libyuv0 arm64 0.0~git20230123.b2528b0-1 [122 kB]
Get:222 http://deb.debian.org/debian bookworm/main arm64 libavif15 arm64 0.11.1-1+deb12u1 [88.4 kB]
Get:223 http://deb.debian.org/debian bookworm/main arm64 libpng16-16 arm64 1.6.39-2+deb12u5 [270 kB]
Get:224 http://deb.debian.org/debian bookworm/main arm64 libfreetype6 arm64 2.12.1+dfsg-5+deb12u4 [368 kB]
Get:225 http://deb.debian.org/debian bookworm/main arm64 libfontconfig1 arm64 2.14.1-4 [381 kB]
Get:226 http://deb.debian.org/debian-security bookworm-security/main arm64 libde265-0 arm64 1.0.11-1+deb12u3 [149 kB]
Get:227 http://deb.debian.org/debian bookworm/main arm64 libnuma1 arm64 2.0.16-1 [20.3 kB]
Get:228 http://deb.debian.org/debian bookworm/main arm64 libx265-199 arm64 3.5-2+b1 [603 kB]
Get:229 http://deb.debian.org/debian bookworm/main arm64 libheif1 arm64 1.15.1-1+deb12u1 [191 kB]
Get:230 http://deb.debian.org/debian bookworm/main arm64 libdeflate0 arm64 1.14-1 [54.3 kB]
Get:231 http://deb.debian.org/debian bookworm/main arm64 libjbig0 arm64 2.1-6.1 [30.0 kB]
Get:232 http://deb.debian.org/debian bookworm/main arm64 liblerc4 arm64 4.0.0+ds-2 [138 kB]
Get:233 http://deb.debian.org/debian bookworm/main arm64 libwebp7 arm64 1.2.4-0.2+deb12u1 [260 kB]
Get:234 http://deb.debian.org/debian bookworm/main arm64 libtiff6 arm64 4.5.0-6+deb12u4 [301 kB]
Get:235 http://deb.debian.org/debian bookworm/main arm64 libxau6 arm64 1:1.0.9-1 [19.7 kB]
Get:236 http://deb.debian.org/debian bookworm/main arm64 libxdmcp6 arm64 1:1.1.2-3 [25.4 kB]
Get:237 http://deb.debian.org/debian bookworm/main arm64 libxcb1 arm64 1.15-1 [143 kB]
Get:238 http://deb.debian.org/debian bookworm/main arm64 libx11-data all 2:1.8.4-2+deb12u2 [292 kB]
Get:239 http://deb.debian.org/debian bookworm/main arm64 libx11-6 arm64 2:1.8.4-2+deb12u2 [735 kB]
Get:240 http://deb.debian.org/debian bookworm/main arm64 libxpm4 arm64 1:3.5.12-1.1+deb12u1 [45.4 kB]
Get:241 http://deb.debian.org/debian-security bookworm-security/main arm64 libgd3 arm64 2.3.3-9+deb12u1 [113 kB]
Get:242 http://deb.debian.org/debian bookworm/main arm64 libc-devtools arm64 2.36-9+deb12u14 [54.5 kB]
Get:243 http://deb.debian.org/debian bookworm/main arm64 libclone-perl arm64 0.46-1 [13.5 kB]
Get:244 http://deb.debian.org/debian bookworm/main arm64 libdata-dump-perl all 1.25-1 [28.4 kB]
Get:245 http://deb.debian.org/debian bookworm/main arm64 libdrm-common all 2.4.114-1 [7112 B]
Get:246 http://deb.debian.org/debian bookworm/main arm64 libdrm2 arm64 2.4.114-1+b1 [36.7 kB]
Get:247 http://deb.debian.org/debian bookworm/main arm64 libdrm-amdgpu1 arm64 2.4.114-1+b1 [20.4 kB]
Get:248 http://deb.debian.org/debian bookworm/main arm64 libdrm-nouveau2 arm64 2.4.114-1+b1 [18.4 kB]
Get:249 http://deb.debian.org/debian bookworm/main arm64 libdrm-radeon1 arm64 2.4.114-1+b1 [20.9 kB]
Get:250 http://deb.debian.org/debian bookworm/main arm64 libwayland-server0 arm64 1.21.0-1 [34.9 kB]
Get:251 http://deb.debian.org/debian bookworm/main arm64 libgbm1 arm64 22.3.6-1+deb12u2 [37.1 kB]
Get:252 http://deb.debian.org/debian bookworm/main arm64 libglapi-mesa arm64 22.3.6-1+deb12u2 [45.1 kB]
Get:253 http://deb.debian.org/debian bookworm/main arm64 libwayland-client0 arm64 1.21.0-1 [27.6 kB]
Get:254 http://deb.debian.org/debian bookworm/main arm64 libx11-xcb1 arm64 2:1.8.4-2+deb12u2 [192 kB]
Get:255 http://deb.debian.org/debian bookworm/main arm64 libxcb-dri2-0 arm64 1.15-1 [107 kB]
Get:256 http://deb.debian.org/debian bookworm/main arm64 libxcb-dri3-0 arm64 1.15-1 [107 kB]
Get:257 http://deb.debian.org/debian bookworm/main arm64 libxcb-present0 arm64 1.15-1 [106 kB]
Get:258 http://deb.debian.org/debian bookworm/main arm64 libxcb-randr0 arm64 1.15-1 [117 kB]
Get:259 http://deb.debian.org/debian bookworm/main arm64 libxcb-sync1 arm64 1.15-1 [109 kB]
Get:260 http://deb.debian.org/debian bookworm/main arm64 libxcb-xfixes0 arm64 1.15-1 [110 kB]
Get:261 http://deb.debian.org/debian bookworm/main arm64 libxshmfence1 arm64 1.3-1 [8712 B]
Get:262 http://deb.debian.org/debian bookworm/main arm64 libegl-mesa0 arm64 22.3.6-1+deb12u2 [107 kB]
Get:263 http://deb.debian.org/debian bookworm/main arm64 libelf1 arm64 0.188-2.1 [173 kB]
Get:264 http://deb.debian.org/debian bookworm/main arm64 libencode-locale-perl all 1.05-3 [12.9 kB]
Get:265 http://deb.debian.org/debian bookworm/main arm64 libipc-system-simple-perl all 1.30-2 [26.8 kB]
Get:266 http://deb.debian.org/debian bookworm/main arm64 libfile-basedir-perl all 0.09-2 [15.1 kB]
Get:267 http://deb.debian.org/debian bookworm/main arm64 libregexp-ipv6-perl all 0.03-3 [5212 B]
Get:268 http://deb.debian.org/debian bookworm/main arm64 liburi-perl all 5.17-1 [90.4 kB]
Get:269 http://deb.debian.org/debian bookworm/main arm64 libfile-desktopentry-perl all 0.22-3 [17.6 kB]
Get:270 http://deb.debian.org/debian bookworm/main arm64 libfile-fcntllock-perl arm64 0.22-4+b1 [34.8 kB]
Get:271 http://deb.debian.org/debian bookworm/main arm64 libtimedate-perl all 2.3300-2 [39.3 kB]
Get:272 http://deb.debian.org/debian bookworm/main arm64 libhttp-date-perl all 6.05-2 [10.5 kB]
Get:273 http://deb.debian.org/debian bookworm/main arm64 libfile-listing-perl all 6.15-1 [12.6 kB]
Get:274 http://deb.debian.org/debian bookworm/main arm64 libglib2.0-0 arm64 2.74.6-2+deb12u9 [1316 kB]
Get:275 http://deb.debian.org/debian bookworm/main arm64 libxml2 arm64 2.9.14+dfsg-1.3~deb12u6 [620 kB]
Get:276 http://deb.debian.org/debian bookworm/main arm64 shared-mime-info arm64 2.2-1 [727 kB]
Get:277 http://deb.debian.org/debian bookworm/main arm64 libfile-mimeinfo-perl all 0.33-1 [48.3 kB]
Get:278 http://deb.debian.org/debian bookworm/main arm64 libfont-afm-perl all 1.20-4 [13.1 kB]
Get:279 http://deb.debian.org/debian bookworm/main arm64 libfontenc1 arm64 1:1.1.4-1 [23.6 kB]
Get:280 http://deb.debian.org/debian bookworm/main arm64 libgdk-pixbuf2.0-common all 2.42.10+dfsg-1+deb12u4 [307 kB]
Get:281 http://deb.debian.org/debian bookworm/main arm64 libgdk-pixbuf-2.0-0 arm64 2.42.10+dfsg-1+deb12u4 [130 kB]
Get:282 http://deb.debian.org/debian bookworm/main arm64 libgdk-pixbuf2.0-bin arm64 2.42.10+dfsg-1+deb12u4 [18.4 kB]
Get:283 http://deb.debian.org/debian bookworm/main arm64 libglvnd0 arm64 1.6.0-1 [41.4 kB]
Get:284 http://deb.debian.org/debian bookworm/main arm64 libxcb-glx0 arm64 1.15-1 [123 kB]
Get:285 http://deb.debian.org/debian bookworm/main arm64 libxcb-shm0 arm64 1.15-1 [106 kB]
Get:286 http://deb.debian.org/debian bookworm/main arm64 libxext6 arm64 2:1.3.4-1+b1 [51.7 kB]
Get:287 http://deb.debian.org/debian bookworm/main arm64 libxfixes3 arm64 1:6.0.0-2 [22.9 kB]
Get:288 http://deb.debian.org/debian bookworm/main arm64 libxxf86vm1 arm64 1:1.1.4-1+b2 [20.1 kB]
Get:289 http://deb.debian.org/debian bookworm/main arm64 libz3-4 arm64 4.8.12-3.1 [6282 kB]
Get:290 http://deb.debian.org/debian bookworm/main arm64 libllvm15 arm64 1:15.0.6-4+b1 [20.7 MB]
Get:291 http://deb.debian.org/debian bookworm/main arm64 libsensors-config all 1:3.6.0-7.1 [14.3 kB]
Get:292 http://deb.debian.org/debian bookworm/main arm64 libsensors5 arm64 1:3.6.0-7.1 [33.3 kB]
Get:293 http://deb.debian.org/debian bookworm/main arm64 libgl1-mesa-dri arm64 22.3.6-1+deb12u2 [6281 kB]
Get:294 http://deb.debian.org/debian bookworm/main arm64 libglx-mesa0 arm64 22.3.6-1+deb12u2 [146 kB]
Get:295 http://deb.debian.org/debian bookworm/main arm64 libglx0 arm64 1.6.0-1 [30.8 kB]
Get:296 http://deb.debian.org/debian bookworm/main arm64 libgl1 arm64 1.6.0-1 [90.2 kB]
Get:297 http://deb.debian.org/debian bookworm/main arm64 libgles2 arm64 1.6.0-1 [17.5 kB]
Get:298 http://deb.debian.org/debian bookworm/main arm64 libglib2.0-data all 2.74.6-2+deb12u9 [1211 kB]
Get:299 http://deb.debian.org/debian bookworm/main arm64 libhtml-tagset-perl all 3.20-6 [11.7 kB]
Get:300 http://deb.debian.org/debian bookworm/main arm64 libhtml-parser-perl arm64 3.81-1+deb12u1 [98.9 kB]
Get:301 http://deb.debian.org/debian bookworm/main arm64 libio-html-perl all 1.004-3 [16.2 kB]
Get:302 http://deb.debian.org/debian bookworm/main arm64 liblwp-mediatypes-perl all 6.04-2 [20.2 kB]
Get:303 http://deb.debian.org/debian bookworm/main arm64 libhttp-message-perl all 6.44-1 [81.7 kB]
Get:304 http://deb.debian.org/debian bookworm/main arm64 libhtml-form-perl all 6.11-1 [33.1 kB]
Get:305 http://deb.debian.org/debian bookworm/main arm64 libhtml-tree-perl all 5.07-3 [211 kB]
Get:306 http://deb.debian.org/debian bookworm/main arm64 libhtml-format-perl all 2.16-2 [38.8 kB]
Get:307 http://deb.debian.org/debian bookworm/main arm64 libhttp-cookies-perl all 6.10-1 [19.6 kB]
Get:308 http://deb.debian.org/debian bookworm/main arm64 libhttp-daemon-perl all 6.16-1+deb13u1~deb12u1 [24.8 kB]
Get:309 http://deb.debian.org/debian bookworm/main arm64 libhttp-negotiate-perl all 6.01-2 [13.1 kB]
Get:310 http://deb.debian.org/debian bookworm/main arm64 x11-common all 1:7.7+23 [252 kB]
Get:311 http://deb.debian.org/debian bookworm/main arm64 libice6 arm64 2:1.0.10-1 [55.6 kB]
Get:312 http://deb.debian.org/debian bookworm/main arm64 perl-openssl-defaults arm64 7+b1 [7924 B]
Get:313 http://deb.debian.org/debian bookworm/main arm64 libnet-ssleay-perl arm64 1.92-2+b1 [308 kB]
Get:314 http://deb.debian.org/debian bookworm/main arm64 libio-socket-ssl-perl all 2.081-2 [219 kB]
Get:315 http://deb.debian.org/debian bookworm/main arm64 libio-stringy-perl all 2.111-3 [56.5 kB]
Get:316 http://deb.debian.org/debian bookworm/main arm64 libjs-async all 0.8.0-6 [24.2 kB]
Get:317 http://deb.debian.org/debian bookworm/main arm64 libjs-events all 3.3.0+~3.0.0-3 [11.3 kB]
Get:318 http://deb.debian.org/debian bookworm/main arm64 libjs-is-typedarray all 1.0.0-4 [3816 B]
Get:319 http://deb.debian.org/debian bookworm/main arm64 libjs-prettify all 2015.12.04+dfsg-1.1 [41.7 kB]
Get:320 http://deb.debian.org/debian bookworm/main arm64 libjs-sprintf-js all 1.1.2+ds1+~1.1.2-1 [12.8 kB]
Get:321 http://deb.debian.org/debian bookworm/main arm64 libjs-typedarray-to-buffer all 4.0.0-2 [4668 B]
Get:322 http://deb.debian.org/debian bookworm/main arm64 node-lodash-packages all 4.17.21+dfsg+~cs8.31.198.20210220-9 [179 kB]
Get:323 http://deb.debian.org/debian bookworm/main arm64 node-function-bind all 1.1.1+repacked+~1.0.3-2 [5252 B]
Get:324 http://deb.debian.org/debian bookworm/main arm64 node-object-inspect all 1.12.2+~cs1.8.1-1 [20.8 kB]
Get:325 http://deb.debian.org/debian bookworm/main arm64 node-es-abstract all 1.20.4+~cs26.27.47-1 [137 kB]
Get:326 http://deb.debian.org/debian bookworm/main arm64 node-resolve all 1.22.1+~cs5.31.10-1 [28.1 kB]
Get:327 http://deb.debian.org/debian bookworm/main arm64 node-define-properties all 1.1.4+~1.1.3-1 [6828 B]
Get:328 http://deb.debian.org/debian bookworm/main arm64 node-debbundle-es-to-primitive all 1.2.1+~cs9.7.25-2 [39.9 kB]
Get:329 http://deb.debian.org/debian bookworm/main arm64 node-defined all 1.0.1+~1.0.0-1 [6776 B]
Get:330 http://deb.debian.org/debian bookworm/main arm64 node-abbrev all 1.1.1+~1.1.2-1 [5692 B]
Get:331 http://deb.debian.org/debian bookworm/main arm64 node-archy all 1.0.0-6 [4556 B]
Get:332 http://deb.debian.org/debian bookworm/main arm64 node-async all 0.8.0-6 [3748 B]
Get:333 http://deb.debian.org/debian bookworm/main arm64 node-convert-source-map all 1.9.0+~1.5.2-1 [8176 B]
Get:334 http://deb.debian.org/debian bookworm/main arm64 node-decamelize all 4.0.0-2 [4080 B]
Get:335 http://deb.debian.org/debian bookworm/main arm64 node-es6-error all 4.1.1-5 [6148 B]
Get:336 http://deb.debian.org/debian bookworm/main arm64 node-esprima all 4.0.1+ds+~4.0.3-2 [69.3 kB]
Get:337 http://deb.debian.org/debian bookworm/main arm64 node-escodegen all 2.0.0+dfsg+~0.0.7-2 [23.0 kB]
Get:338 http://deb.debian.org/debian bookworm/main arm64 node-commondir all 1.0.1+~1.0.0-1 [4388 B]
Get:339 http://deb.debian.org/debian bookworm/main arm64 node-is-number all 7.0.0-4 [6020 B]
Get:340 http://deb.debian.org/debian bookworm/main arm64 node-repeat-string all 1.6.1+repack-1 [5600 B]
Get:341 http://deb.debian.org/debian bookworm/main arm64 node-to-regex-range all 5.0.1-4 [10.5 kB]
Get:342 http://deb.debian.org/debian bookworm/main arm64 node-fill-range all 7.0.1+~7.0.0-1 [8952 B]
Get:343 http://deb.debian.org/debian bookworm/main arm64 node-braces all 3.0.2+~3.0.1-1 [20.8 kB]
Get:344 http://deb.debian.org/debian bookworm/main arm64 node-normalize-path all 3.0.0+~3.0.0-1 [6608 B]
Get:345 http://deb.debian.org/debian bookworm/main arm64 node-anymatch all 3.1.3+~cs4.6.1-2 [33.4 kB]
Get:346 http://deb.debian.org/debian bookworm/main arm64 node-micromatch all 4.0.5+~4.0.2-1 [25.8 kB]
Get:347 http://deb.debian.org/debian bookworm/main arm64 node-pify all 5.0.0+~cs5.0.1-1 [7072 B]
Get:348 http://deb.debian.org/debian bookworm/main arm64 node-path-type all 4.0.0-3 [3944 B]
Get:349 http://deb.debian.org/debian bookworm/main arm64 node-n3 all 1.16.3+~1.2.3+~1.10.4-1 [37.0 kB]
Get:350 http://deb.debian.org/debian bookworm/main arm64 node-slash all 4.0.0-3 [4292 B]
Get:351 http://deb.debian.org/debian bookworm/main arm64 node-globby all 13.1.3+~cs16.25.40-1+deb12u1 [40.5 kB]
Get:352 http://deb.debian.org/debian bookworm/main arm64 node-graceful-fs all 4.2.10-1 [14.4 kB]
Get:353 http://deb.debian.org/debian bookworm/main arm64 node-is-path-cwd all 2.2.0-2 [3672 B]
Get:354 http://deb.debian.org/debian bookworm/main arm64 node-path-is-inside all 1.0.2+~1.0.0-1 [5072 B]
Get:355 http://deb.debian.org/debian bookworm/main arm64 node-is-path-inside all 3.0.3-2 [3980 B]
Get:356 http://deb.debian.org/debian bookworm/main arm64 node-escape-string-regexp all 4.0.0-2 [4296 B]
Get:357 http://deb.debian.org/debian bookworm/main arm64 node-indent-string all 4.0.0-2 [4144 B]
Get:358 http://deb.debian.org/debian bookworm/main arm64 node-p-map all 4.0.0+~3.1.0+~3.0.1-1 [7912 B]
Get:359 http://deb.debian.org/debian bookworm/main arm64 node-del all 7.0.0-5 [6804 B]
Get:360 http://deb.debian.org/debian bookworm/main arm64 node-make-dir all 3.1.0-3 [6040 B]
Get:361 http://deb.debian.org/debian bookworm/main arm64 node-p-limit all 4.0.0+~cs4.0.0-5 [7576 B]
Get:362 http://deb.debian.org/debian bookworm/main arm64 node-p-locate all 6.0.0-12 [5752 B]
Get:363 http://deb.debian.org/debian bookworm/main arm64 node-locate-path all 7.1.1-2 [5584 B]
Get:364 http://deb.debian.org/debian bookworm/main arm64 node-path-exists all 5.0.0-8 [4732 B]
Get:365 http://deb.debian.org/debian bookworm/main arm64 node-find-up all 6.3.0-7 [9388 B]
Get:366 http://deb.debian.org/debian bookworm/main arm64 node-pkg-dir all 5.0.0-2 [4260 B]
Get:367 http://deb.debian.org/debian bookworm/main arm64 node-find-cache-dir all 3.3.2+~3.2.1-1 [6152 B]
Get:368 http://deb.debian.org/debian bookworm/main arm64 node-signal-exit all 3.0.7+~3.0.1-1 [7600 B]
Get:369 http://deb.debian.org/debian bookworm/main arm64 node-foreground-child all 2.0.0-5 [6384 B]
Get:370 http://deb.debian.org/debian bookworm/main arm64 node-is-stream all 3.0.0-4 [5076 B]
Get:371 http://deb.debian.org/debian bookworm/main arm64 node-is-windows all 1.0.2+~cs1.0.0-1 [5936 B]
Get:372 http://deb.debian.org/debian bookworm/main arm64 node-sprintf-js all 1.1.2+ds1+~1.1.2-1 [4024 B]
Get:373 http://deb.debian.org/debian bookworm/main arm64 node-argparse all 2.0.1-2 [34.6 kB]
Get:374 http://deb.debian.org/debian bookworm/main arm64 node-js-yaml all 4.1.0+dfsg+~4.0.5-7 [66.6 kB]
Get:375 http://deb.debian.org/debian bookworm/main arm64 node-nopt all 5.0.0-4 [12.1 kB]
Get:376 http://deb.debian.org/debian bookworm/main arm64 node-npm-run-path all 5.1.0+~4.0.0-8 [6276 B]
Get:377 http://deb.debian.org/debian bookworm/main arm64 node-shebang-regex all 3.0.0-2 [3528 B]
Get:378 http://deb.debian.org/debian bookworm/main arm64 node-shebang-command all 2.0.0-1 [3500 B]
Get:379 http://deb.debian.org/debian bookworm/main arm64 node-strip-bom all 4.0.0-2 [4144 B]
Get:380 http://deb.debian.org/debian bookworm/main arm64 node-has-flag all 4.0.0-3 [4304 B]
Get:381 http://deb.debian.org/debian bookworm/main arm64 node-supports-color all 8.1.1+~8.1.1-1 [6920 B]
Get:382 http://deb.debian.org/debian bookworm/main arm64 node-util all 0.12.5+~1.0.10-1 [5700 B]
Get:383 http://deb.debian.org/debian bookworm/main arm64 node-assert all 2.0.0+~cs3.9.8-2 [26.8 kB]
Get:384 http://deb.debian.org/debian bookworm/main arm64 node-ampproject-remapping all 2.2.0+~cs5.15.37-1 [59.4 kB]
Get:385 http://deb.debian.org/debian bookworm/main arm64 node-babel-plugin-add-module-exports all 1.0.4+dfsg1~cs5.8.0-4 [8672 B]
Get:386 http://deb.debian.org/debian bookworm/main arm64 node-regenerator-runtime all 0.15.1+~0.10.8-1 [10.6 kB]
Get:387 http://deb.debian.org/debian bookworm/main arm64 node-babel7-runtime all 7.20.15+ds1+~cs214.269.168-3+deb12u2 [116 kB]
Get:388 http://deb.debian.org/debian bookworm/main arm64 node-babel-helper-define-polyfill-provider all 0.3.3~0~20220913+ds1-1 [27.4 kB]
Get:389 http://deb.debian.org/debian bookworm/main arm64 node-babel-plugin-polyfill-corejs2 all 0.3.3~0~20220913+ds1-1 [17.1 kB]
Get:390 http://deb.debian.org/debian bookworm/main arm64 node-caniuse-lite all 1.0.30001436+dfsg+~1.0.1-1 [208 kB]
Get:391 http://deb.debian.org/debian bookworm/main arm64 node-electron-to-chromium all 1.4.284-1 [20.6 kB]
Get:392 http://deb.debian.org/debian bookworm/main arm64 node-picocolors all 1.0.0-4 [6652 B]
Get:393 http://deb.debian.org/debian bookworm/main arm64 node-browserslist all 4.21.4+~cs6.1.17-2 [63.5 kB]
Get:394 http://deb.debian.org/debian bookworm/main arm64 node-core-js-compat all 3.26.1-3 [66.1 kB]
Get:395 http://deb.debian.org/debian bookworm/main arm64 node-babel-plugin-polyfill-corejs3 all 0.6.0~0~20220913+ds1-1 [29.5 kB]
Get:396 http://deb.debian.org/debian bookworm/main arm64 node-babel-plugin-polyfill-regenerator all 0.4.1~0~20220913+ds1-1 [5036 B]
Get:397 http://deb.debian.org/debian bookworm/main arm64 node-color-name all 1.1.4+~1.1.1-2 [5920 B]
Get:398 http://deb.debian.org/debian bookworm/main arm64 node-color-convert all 2.0.1+~cs2.0.0-2 [13.1 kB]
Get:399 http://deb.debian.org/debian bookworm/main arm64 node-ansi-styles all 6.2.1-2 [8640 B]
Get:400 http://deb.debian.org/debian bookworm/main arm64 node-chalk all 5.2.0-1 [18.0 kB]
Get:401 http://deb.debian.org/debian bookworm/main arm64 node-for-in all 1.0.2-4 [4840 B]
Get:402 http://deb.debian.org/debian bookworm/main arm64 node-for-own all 1.0.0-3 [4800 B]
Get:403 http://deb.debian.org/debian bookworm/main arm64 node-is-plain-object all 5.0.0-7 [6108 B]
Get:404 http://deb.debian.org/debian bookworm/main arm64 node-is-extendable all 1.0.1-3 [5228 B]
Get:405 http://deb.debian.org/debian bookworm/main arm64 node-clone-deep all 4.0.1+~cs7.0.2-1 [6720 B]
Get:406 http://deb.debian.org/debian bookworm/main arm64 node-commander all 9.4.1-1 [65.3 kB]
Get:407 http://deb.debian.org/debian bookworm/main arm64 node-core-js all 3.26.1-3 [268 kB]
Get:408 http://deb.debian.org/debian bookworm/main arm64 node-core-js-pure all 3.26.1-3 [250 kB]
Get:409 http://deb.debian.org/debian bookworm/main arm64 node-fs-readdir-recursive all 1.1.0+~1.1.0-1 [4540 B]
Get:410 http://deb.debian.org/debian bookworm/main arm64 node-js-tokens all 8.0.0-2 [14.9 kB]
Get:411 http://deb.debian.org/debian bookworm/main arm64 node-jsesc all 3.0.2+~3.0.1-1 [17.6 kB]
Get:412 http://deb.debian.org/debian bookworm/main arm64 node-json5 all 2.2.3+dfsg-1 [25.6 kB]
Get:413 http://deb.debian.org/debian bookworm/main arm64 node-quick-lru all 6.1.1-4 [8076 B]
Get:414 http://deb.debian.org/debian bookworm/main arm64 node-regenerator-transform all 0.15.1+~0.10.8-1 [24.6 kB]
Get:415 http://deb.debian.org/debian bookworm/main arm64 node-regjsgen all 0.7.1+ds-1 [6968 B]
Get:416 http://deb.debian.org/debian bookworm/main arm64 node-regjsparser all 0.9.1+ds-2 [22.1 kB]
Get:417 http://deb.debian.org/debian bookworm/main arm64 node-unicode-canonical-property-names-ecmascript all 2.0.0-2 [4540 B]
Get:418 http://deb.debian.org/debian bookworm/main arm64 node-unicode-property-aliases-ecmascript all 2.1.0+ds-1 [5256 B]
Get:419 http://deb.debian.org/debian bookworm/main arm64 node-unicode-match-property-ecmascript all 2.0.0-2 [4440 B]
Get:420 http://deb.debian.org/debian bookworm/main arm64 node-unicode-match-property-value-ecmascript all 2.1.0+ds-1 [7272 B]
Get:421 http://deb.debian.org/debian bookworm/main arm64 node-regexpu-core all 5.2.2-3 [13.9 kB]
Get:422 http://deb.debian.org/debian bookworm/main arm64 node-source-map-support all 0.5.21+ds+~0.5.4-1 [14.5 kB]
Get:423 http://deb.debian.org/debian bookworm/main arm64 node-to-fast-properties all 3.0.1-3 [4332 B]
Get:424 http://deb.debian.org/debian bookworm/main arm64 node-v8flags all 3.2.0+~3.1.1-1 [7612 B]
Get:425 http://deb.debian.org/debian bookworm/main arm64 node-babel7 all 7.20.15+ds1+~cs214.269.168-3+deb12u2 [712 kB]
Get:426 http://deb.debian.org/debian bookworm/main arm64 node-is-arrayish all 0.3.2-3 [3960 B]
Get:427 http://deb.debian.org/debian bookworm/main arm64 node-error-ex all 1.3.2-4 [5656 B]
Get:428 http://deb.debian.org/debian bookworm/main arm64 node-json-parse-better-errors all 1.0.2+~cs3.3.1-2 [7800 B]
Get:429 http://deb.debian.org/debian bookworm/main arm64 node-parse-json all 5.2.0+~cs5.1.7-1 [7356 B]
Get:430 http://deb.debian.org/debian bookworm/main arm64 node-hosted-git-info all 6.1.1-2 [12.6 kB]
Get:431 http://deb.debian.org/debian bookworm/main arm64 node-spdx-license-ids all 3.0.12-1 [6276 B]
Get:432 http://deb.debian.org/debian bookworm/main arm64 node-spdx-exceptions all 2.3.0-2 [3992 B]
Get:433 http://deb.debian.org/debian bookworm/main arm64 node-spdx-expression-parse all 3.0.1+~3.0.1-1 [7532 B]
Get:434 http://deb.debian.org/debian bookworm/main arm64 node-spdx-correct all 3.1.1-2 [5464 B]
Get:435 http://deb.debian.org/debian bookworm/main arm64 node-validate-npm-package-license all 3.0.4-2 [4280 B]
Get:436 http://deb.debian.org/debian bookworm/main arm64 node-normalize-package-data all 4.0.1+~2.4.1-1 [13.6 kB]
Get:437 http://deb.debian.org/debian bookworm/main arm64 node-read-pkg all 5.2.0-2 [24.0 kB]
Get:438 http://deb.debian.org/debian bookworm/main arm64 node-uuid all 8.3.2+~8.3.3-3 [44.0 kB]
Get:439 http://deb.debian.org/debian bookworm/main arm64 node-isexe all 2.0.0+~2.0.1-5 [6084 B]
Get:440 http://deb.debian.org/debian bookworm/main arm64 node-which all 2.0.2+~cs1.3.2-3 [8368 B]
Get:441 http://deb.debian.org/debian bookworm/main arm64 node-is-typedarray all 1.0.0-4 [3292 B]
Get:442 http://deb.debian.org/debian bookworm/main arm64 node-typedarray-to-buffer all 4.0.0-2 [3380 B]
Get:443 http://deb.debian.org/debian bookworm/main arm64 node-write-file-atomic all 4.0.2+~4.0.0-1 [9284 B]
Get:444 http://deb.debian.org/debian bookworm/main arm64 node-slice-ansi all 5.0.0+~cs9.0.0-5 [8788 B]
Get:445 http://deb.debian.org/debian bookworm/main arm64 node-ansi-regex all 5.0.1-1 [4912 B]
Get:446 http://deb.debian.org/debian bookworm/main arm64 node-strip-ansi all 6.0.1-2 [4120 B]
Get:447 http://deb.debian.org/debian bookworm/main arm64 node-clone all 2.1.2-4 [8280 B]
Get:448 http://deb.debian.org/debian bookworm/main arm64 node-defaults all 1.0.4+~1.0.3-1 [4400 B]
Get:449 http://deb.debian.org/debian bookworm/main arm64 node-wcwidth.js all 1.0.2-2 [7088 B]
Get:450 http://deb.debian.org/debian bookworm/main arm64 node-string-width all 4.2.3+~cs13.2.3-1 [10.7 kB]
Get:451 http://deb.debian.org/debian bookworm/main arm64 node-wrap-ansi all 8.0.1+~8.0.1-3 [11.8 kB]
Get:452 http://deb.debian.org/debian bookworm/main arm64 node-cliui all 7.0.4+repack+~cs3.1.0-4 [11.5 kB]
Get:453 http://deb.debian.org/debian bookworm/main arm64 node-get-caller-file all 2.0.5+~cs1.1.1-4 [5728 B]
Get:454 http://deb.debian.org/debian bookworm/main arm64 node-require-directory all 2.1.1+~2.1.2-1 [7092 B]
Get:455 http://deb.debian.org/debian bookworm/main arm64 node-y18n all 5.0.8+~5.0.0-3 [10.2 kB]
Get:456 http://deb.debian.org/debian bookworm/main arm64 node-camelcase all 7.0.0-3 [6032 B]
Get:457 http://deb.debian.org/debian bookworm/main arm64 node-yargs-parser all 21.1.1+~21.0.0-4 [28.4 kB]
Get:458 http://deb.debian.org/debian bookworm/main arm64 node-yargs all 16.2.0+~16.0.4-7 [128 kB]
Get:459 http://deb.debian.org/debian bookworm/main arm64 node-istanbul all 0.4.5+repack10+~cs97.25.57-3 [207 kB]
Get:460 http://deb.debian.org/debian bookworm/main arm64 node-through all 2.3.8+~cs0.0.30-1 [5452 B]
Get:461 http://deb.debian.org/debian bookworm/main arm64 node-resumer all 0.0.0-6 [4144 B]
Get:462 http://deb.debian.org/debian bookworm/main arm64 node-tape all 5.6.1+~cs8.20.19-1 [70.9 kB]
Get:463 http://deb.debian.org/debian bookworm/main arm64 node-deep-equal all 2.1.0+~cs31.12.80-1 [34.5 kB]
Get:464 http://deb.debian.org/debian bookworm/main arm64 libjs-util all 0.12.5+~1.0.10-1 [16.0 kB]
Get:465 http://deb.debian.org/debian bookworm/main arm64 libldap-common all 2.5.13+dfsg-5 [29.3 kB]
Get:466 http://deb.debian.org/debian bookworm/main arm64 libnet-http-perl all 6.22-1 [25.3 kB]
Get:467 http://deb.debian.org/debian bookworm/main arm64 libtry-tiny-perl all 0.31-2 [22.6 kB]
Get:468 http://deb.debian.org/debian bookworm/main arm64 libwww-robotrules-perl all 6.02-1 [12.9 kB]
Get:469 http://deb.debian.org/debian bookworm/main arm64 libwww-perl all 6.68-1 [186 kB]
Get:470 http://deb.debian.org/debian bookworm/main arm64 liblwp-protocol-https-perl all 6.10-1 [12.2 kB]
Get:471 http://deb.debian.org/debian bookworm/main arm64 libnet-smtp-ssl-perl all 1.04-2 [6548 B]
Get:472 http://deb.debian.org/debian bookworm/main arm64 libmailtools-perl all 2.21-2 [95.6 kB]
Get:473 http://deb.debian.org/debian bookworm/main arm64 libxml-parser-perl arm64 2.46-4+deb12u1 [198 kB]
Get:474 http://deb.debian.org/debian bookworm/main arm64 libxml-twig-perl all 1:3.52-2 [181 kB]
Get:475 http://deb.debian.org/debian bookworm/main arm64 libnet-dbus-perl arm64 1.2.0-2 [174 kB]
Get:476 http://deb.debian.org/debian-security bookworm-security/main arm64 libssl-dev arm64 3.0.22-1~deb12u1 [2318 kB]
Get:477 http://deb.debian.org/debian bookworm/main arm64 libuv1-dev arm64 1.44.2-1+deb12u1 [170 kB]
Get:478 http://deb.debian.org/debian-security bookworm-security/main arm64 libnode-dev arm64 18.20.4+dfsg-1~deb12u3 [514 kB]
Get:479 http://deb.debian.org/debian bookworm/main arm64 libnotify4 arm64 0.8.1-1 [28.8 kB]
Get:480 http://deb.debian.org/debian bookworm/main arm64 libnotify-bin arm64 0.8.1-1 [17.0 kB]
Get:481 http://deb.debian.org/debian bookworm/main arm64 libsasl2-modules arm64 2.1.28+dfsg-10 [63.1 kB]
Get:482 http://deb.debian.org/debian bookworm/main arm64 libsm6 arm64 2:1.2.3-1 [34.0 kB]
Get:483 http://deb.debian.org/debian bookworm/main arm64 libtext-iconv-perl arm64 1.7-8 [14.2 kB]
Get:484 http://deb.debian.org/debian bookworm/main arm64 libtie-ixhash-perl all 1.23-4 [11.7 kB]
Get:485 http://deb.debian.org/debian bookworm/main arm64 libx11-protocol-perl all 0.56-9 [120 kB]
Get:486 http://deb.debian.org/debian bookworm/main arm64 libxt6 arm64 1:1.2.1-1.1 [172 kB]
Get:487 http://deb.debian.org/debian bookworm/main arm64 libxmu6 arm64 2:1.1.3-3 [57.2 kB]
Get:488 http://deb.debian.org/debian bookworm/main arm64 libxaw7 arm64 2:1.0.14-1 [184 kB]
Get:489 http://deb.debian.org/debian bookworm/main arm64 libxcb-shape0 arm64 1.15-1 [106 kB]
Get:490 http://deb.debian.org/debian bookworm/main arm64 libxcomposite1 arm64 1:0.4.5-1 [16.6 kB]
Get:491 http://deb.debian.org/debian bookworm/main arm64 libxrender1 arm64 1:0.9.10-1.1 [32.0 kB]
Get:492 http://deb.debian.org/debian bookworm/main arm64 libxcursor1 arm64 1:1.2.1-1 [40.2 kB]
Get:493 http://deb.debian.org/debian bookworm/main arm64 libxft2 arm64 2.3.6-1 [58.7 kB]
Get:494 http://deb.debian.org/debian bookworm/main arm64 libxi6 arm64 2:1.8-1+b1 [82.3 kB]
Get:495 http://deb.debian.org/debian bookworm/main arm64 libxinerama1 arm64 2:1.1.4-3 [17.8 kB]
Get:496 http://deb.debian.org/debian bookworm/main arm64 libxkbfile1 arm64 1:1.1.0-1 [71.5 kB]
Get:497 http://deb.debian.org/debian bookworm/main arm64 libxml-xpathengine-perl all 0.14-2 [33.5 kB]
Get:498 http://deb.debian.org/debian bookworm/main arm64 libxmuu1 arm64 2:1.1.3-3 [24.0 kB]
Get:499 http://deb.debian.org/debian bookworm/main arm64 libxrandr2 arm64 2:1.5.2-2+b1 [38.4 kB]
Get:500 http://deb.debian.org/debian bookworm/main arm64 libxtst6 arm64 2:1.2.3-1.1 [27.8 kB]
Get:501 http://deb.debian.org/debian bookworm/main arm64 libxv1 arm64 2:1.0.11-1.1 [24.5 kB]
Get:502 http://deb.debian.org/debian bookworm/main arm64 libxxf86dga1 arm64 2:1.1.5-1 [21.8 kB]
Get:503 http://deb.debian.org/debian bookworm/main arm64 manpages-dev all 6.03-2 [2030 kB]
Get:504 http://deb.debian.org/debian bookworm/main arm64 node-agent-base all 6.0.2+~cs5.4.2-2 [17.3 kB]
Get:505 http://deb.debian.org/debian bookworm/main arm64 node-ajv-keywords all 3.5.2-2 [20.3 kB]
Get:506 http://deb.debian.org/debian bookworm/main arm64 node-ansi-escapes all 5.0.0+really.4.3.1-1 [8896 B]
Get:507 http://deb.debian.org/debian bookworm/main arm64 node-aproba all 2.0.0-3 [5844 B]
Get:508 http://deb.debian.org/debian bookworm/main arm64 node-delegates all 1.0.0-3 [4528 B]
Get:509 http://deb.debian.org/debian bookworm/main arm64 node-are-we-there-yet all 3.0.1+~1.1.0-1 [10.0 kB]
Get:510 http://deb.debian.org/debian bookworm/main arm64 node-async-each all 1.0.3-3 [4292 B]
Get:511 http://deb.debian.org/debian bookworm/main arm64 node-auto-bind all 4.0.0-2 [4816 B]
Get:512 http://deb.debian.org/debian bookworm/main arm64 node-babel-plugin-lodash all 3.3.4+~cs2.0.1-6 [11.0 kB]
Get:513 http://deb.debian.org/debian bookworm/main arm64 node-isobject all 4.0.0-2 [5332 B]
Get:514 http://deb.debian.org/debian bookworm/main arm64 node-object-visit all 1.0.1-5 [4868 B]
Get:515 http://deb.debian.org/debian bookworm/main arm64 node-map-visit all 1.0.0-4 [6208 B]
Get:516 http://deb.debian.org/debian bookworm/main arm64 node-collection-visit all 1.0.0-4 [4924 B]
Get:517 http://deb.debian.org/debian bookworm/main arm64 node-get-value all 1:3.0.1-4 [5248 B]
Get:518 http://deb.debian.org/debian bookworm/main arm64 node-sellside-emitter all 1.2.1-3 [4440 B]
Get:519 http://deb.debian.org/debian bookworm/main arm64 node-is-primitive all 3.0.1-3 [4892 B]
Get:520 http://deb.debian.org/debian bookworm/main arm64 node-set-value all 4.1.0+~4.0.1-2 [10.4 kB]
Get:521 http://deb.debian.org/debian bookworm/main arm64 node-union-value all 2.0.1-4 [5352 B]
Get:522 http://deb.debian.org/debian bookworm/main arm64 node-has-values all 2.0.1-4 [5628 B]
Get:523 http://deb.debian.org/debian bookworm/main arm64 node-has-value all 2.0.2-4 [6000 B]
Get:524 http://deb.debian.org/debian bookworm/main arm64 node-unset-value all 2.0.1-1 [5928 B]
Get:525 http://deb.debian.org/debian bookworm/main arm64 node-cache-base all 4.0.2-1 [12.4 kB]
Get:526 http://deb.debian.org/debian bookworm/main arm64 node-is-descriptor all 3.0.0-2 [5556 B]
Get:527 http://deb.debian.org/debian bookworm/main arm64 node-define-property all 2.0.2+really+2.0.2-3 [6820 B]
Get:528 http://deb.debian.org/debian bookworm/main arm64 node-mixin-deep all 2.0.1-3 [5428 B]
Get:529 http://deb.debian.org/debian bookworm/main arm64 node-pascalcase all 1.0.0-1 [5004 B]
Get:530 http://deb.debian.org/debian bookworm/main arm64 node-base all 3.0.0-3 [12.9 kB]
Get:531 http://deb.debian.org/debian bookworm/main arm64 node-base64-js all 1.5.1+dfsg+~1.3.0-2 [7140 B]
Get:532 http://deb.debian.org/debian bookworm/main arm64 node-binary-extensions all 2.2.0-2 [4408 B]
Get:533 http://deb.debian.org/debian bookworm/main arm64 node-builtins all 5.0.1-1 [4072 B]
Get:534 http://deb.debian.org/debian bookworm/main arm64 node-chownr all 2.0.0-2 [4424 B]
Get:535 http://deb.debian.org/debian bookworm/main arm64 node-iconv-lite all 0.6.3-3 [115 kB]
Get:536 http://deb.debian.org/debian bookworm/main arm64 node-encoding all 0.1.13-2 [4400 B]
Get:537 http://deb.debian.org/debian bookworm/main arm64 node-jsonparse all 1.3.1-10 [8020 B]
Get:538 http://deb.debian.org/debian bookworm/main arm64 node-minipass all 3.3.6+~cs9.4.19-1+deb12u1 [43.1 kB]
Get:539 http://deb.debian.org/debian bookworm/main arm64 node-iferr all 1.0.2+~1.0.2-1 [4588 B]
Get:540 http://deb.debian.org/debian bookworm/main arm64 node-fs-write-stream-atomic all 1.0.10-6 [5316 B]
Get:541 http://deb.debian.org/debian bookworm/main arm64 node-run-queue all 2.0.0-3 [5156 B]
Get:542 http://deb.debian.org/debian bookworm/main arm64 node-copy-concurrently all 1.0.5-9 [7100 B]
Get:543 http://deb.debian.org/debian bookworm/main arm64 node-move-concurrently all 1.0.1-5 [5152 B]
Get:544 http://deb.debian.org/debian bookworm/main arm64 node-promise-inflight all 1.0.1+~1.0.0-1 [4864 B]
Get:545 http://deb.debian.org/debian bookworm/main arm64 node-ssri all 9.0.1-2 [18.0 kB]
Get:546 http://deb.debian.org/debian bookworm/main arm64 node-unique-filename all 1.1.1+ds-2 [4032 B]
Get:547 http://deb.debian.org/debian bookworm/main arm64 node-cacache all 17.0.3+~cs10.3.7-1 [45.1 kB]
Get:548 http://deb.debian.org/debian bookworm/main arm64 node-is-binary-path all 2.1.0-5 [3684 B]
Get:549 http://deb.debian.org/debian bookworm/main arm64 node-path-is-absolute all 2.0.0-2 [4068 B]
Get:550 http://deb.debian.org/debian bookworm/main arm64 node-set-immediate-shim all 2.0.0-2 [3740 B]
Get:551 http://deb.debian.org/debian bookworm/main arm64 node-readdirp all 3.6.0-1 [11.5 kB]
Get:552 http://deb.debian.org/debian bookworm/main arm64 node-chokidar all 3.5.3-2 [32.3 kB]
Get:553 http://deb.debian.org/debian bookworm/main arm64 node-tslib all 2.4.1-1 [19.5 kB]
Get:554 http://deb.debian.org/debian bookworm/main arm64 node-chrome-trace-event all 1.0.3-2 [6984 B]
Get:555 http://deb.debian.org/debian bookworm/main arm64 node-ci-info all 3.6.1+~cs1.1.0-1 [11.7 kB]
Get:556 http://deb.debian.org/debian bookworm/main arm64 node-cli-boxes all 2.2.1-2 [4696 B]
Get:557 http://deb.debian.org/debian bookworm/main arm64 node-restore-cursor all 4.0.0-2 [4352 B]
Get:558 http://deb.debian.org/debian bookworm/main arm64 node-cli-cursor all 4.0.0-3 [7880 B]
Get:559 http://deb.debian.org/debian bookworm/main arm64 node-colors all 1.4.0-4 [11.9 kB]
Get:560 http://deb.debian.org/debian bookworm/main arm64 node-cli-table all 0.3.11+~cs0.13.4-3 [23.6 kB]
Get:561 http://deb.debian.org/debian bookworm/main arm64 node-cli-truncate all 2.1.0-5 [5628 B]
Get:562 http://deb.debian.org/debian bookworm/main arm64 node-columnify all 1.6.0+~1.5.1-1 [12.4 kB]
Get:563 http://deb.debian.org/debian bookworm/main arm64 node-console-control-strings all 1.1.0-3 [5564 B]
Get:564 http://deb.debian.org/debian bookworm/main arm64 node-growl all 1.10.5-4 [7684 B]
Get:565 http://deb.debian.org/debian bookworm/main arm64 node-lcov-parse all 1.0.0+20170612git80d039574ed9-6 [5116 B]
Get:566 http://deb.debian.org/debian bookworm/main arm64 node-log-driver all 1.2.7+git+20180219+bba1761737-7 [5396 B]
Get:567 http://deb.debian.org/debian bookworm/main arm64 node-data-uri-to-buffer all 4.0.0-3 [5540 B]
Get:568 http://deb.debian.org/debian bookworm/main arm64 node-fetch all 3.3.0+~cs11.4.11-2 [212 kB]
Get:569 http://deb.debian.org/debian bookworm/main arm64 node-coveralls all 3.1.1-2 [13.8 kB]
Get:570 http://deb.debian.org/debian bookworm/main arm64 node-css-selector-tokenizer all 0.8.0+~cs4.8.3-1 [13.0 kB]
Get:571 http://deb.debian.org/debian bookworm/main arm64 node-postcss all 8.4.20+~cs8.0.23-1+deb12u1 [181 kB]
Get:572 http://deb.debian.org/debian bookworm/main arm64 node-icss-utils all 5.1.0+~5.1.0-1 [7564 B]
Get:573 http://deb.debian.org/debian bookworm/main arm64 node-postcss-modules-extract-imports all 3.0.0-2 [6584 B]
Get:574 http://deb.debian.org/debian bookworm/main arm64 node-postcss-modules-values all 4.0.0+~4.0.0-1 [7180 B]
Get:575 http://deb.debian.org/debian bookworm/main arm64 node-postcss-value-parser all 4.2.0-1 [10.4 kB]
Get:576 http://deb.debian.org/debian bookworm/main arm64 node-prr all 1.0.1-3 [4352 B]
Get:577 http://deb.debian.org/debian bookworm/main arm64 node-errno all 1.0.0-3 [7736 B]
Get:578 http://deb.debian.org/debian bookworm/main arm64 node-memory-fs all 0.5.0+~0.3.3-2 [7676 B]
Get:579 http://deb.debian.org/debian bookworm/main arm64 node-tapable all 2.2.1-2 [13.6 kB]
Get:580 http://deb.debian.org/debian bookworm/main arm64 node-enhanced-resolve all 5.10.0-1 [33.6 kB]
Get:581 http://deb.debian.org/debian bookworm/main arm64 node-es-module-lexer all 1.1.0+dfsg-2+deb12u1 [19.7 kB]
Get:582 http://deb.debian.org/debian bookworm/main arm64 node-events all 3.3.0+~3.0.0-3 [5888 B]
Get:583 http://deb.debian.org/debian bookworm/main arm64 node-resolve-cwd all 3.0.0-2 [4212 B]
Get:584 http://deb.debian.org/debian bookworm/main arm64 node-jest-debbundle all 29.3.1~ds1+~cs70.48.25-2 [129 kB]
Get:585 http://deb.debian.org/debian bookworm/main arm64 node-interpret all 2.2.0-3 [7660 B]
Get:586 http://deb.debian.org/debian bookworm/main arm64 node-merge-stream all 2.0.0+~1.1.2-2 [5124 B]
Get:587 http://deb.debian.org/debian bookworm/main arm64 node-jest-worker all 29.3.1~ds1+~cs70.48.25-2 [112 kB]
Get:588 http://deb.debian.org/debian bookworm/main arm64 node-loader-runner all 4.3.0-1 [7644 B]
Get:589 http://deb.debian.org/debian bookworm/main arm64 node-mime all 3.0.0+dfsg+~cs3.97.1-1 [40.4 kB]
Get:590 http://deb.debian.org/debian bookworm/main arm64 node-mime-types all 2.1.35-1 [9456 B]
Get:591 http://deb.debian.org/debian bookworm/main arm64 node-rechoir all 0.8.0+~0.6.1-2 [6628 B]
Get:592 http://deb.debian.org/debian bookworm/main arm64 node-schema-utils all 3.1.1~ds-2 [20.0 kB]
Get:593 http://deb.debian.org/debian bookworm/main arm64 node-randombytes all 2.1.0+~2.0.0-2 [4852 B]
Get:594 http://deb.debian.org/debian bookworm/main arm64 node-serialize-javascript all 6.0.0-2+deb12u1 [12.8 kB]
Get:595 http://deb.debian.org/debian bookworm/main arm64 node-watchpack all 2.4.0+~cs2.8.1-1 [20.2 kB]
Get:596 http://deb.debian.org/debian bookworm/main arm64 node-webassemblyjs all 1.11.4+dfsg+~cs10.11.17-2 [139 kB]
Get:597 http://deb.debian.org/debian bookworm/main arm64 node-source-list-map all 2.0.1+dfsg-2 [9348 B]
Get:598 http://deb.debian.org/debian bookworm/main arm64 node-webpack-sources all 3.2.3+~3.2.0-2 [23.2 kB]
Get:599 http://deb.debian.org/debian bookworm/main arm64 node-terser all 5.16.5-2 [204 kB]
Get:600 http://deb.debian.org/debian bookworm/main arm64 terser all 5.16.5-2 [16.5 kB]
Get:601 http://deb.debian.org/debian bookworm/main arm64 webpack all 5.75.0+dfsg+~cs17.16.14-1+deb12u1 [756 kB]
Get:602 http://deb.debian.org/debian bookworm/main arm64 node-css-loader all 6.7.2+~cs14.0.11-1 [73.0 kB]
Get:603 http://deb.debian.org/debian bookworm/main arm64 node-mimic-response all 3.1.0-8 [5404 B]
Get:604 http://deb.debian.org/debian bookworm/main arm64 node-decompress-response all 6.0.0-2 [4620 B]
Get:605 http://deb.debian.org/debian bookworm/main arm64 node-depd all 2.0.0-2 [11.2 kB]
Get:606 http://deb.debian.org/debian bookworm/main arm64 node-diff all 5.0.0~dfsg+~5.0.1-4 [69.7 kB]
Get:607 http://deb.debian.org/debian bookworm/main arm64 node-end-of-stream all 1.4.4+~1.4.1-1 [5292 B]
Get:608 http://deb.debian.org/debian bookworm/main arm64 node-err-code all 2.0.3+dfsg-3 [4884 B]
Get:609 http://deb.debian.org/debian bookworm/main arm64 node-time-stamp all 2.2.0-2 [6016 B]
Get:610 http://deb.debian.org/debian bookworm/main arm64 node-fancy-log all 1.3.3+~cs1.3.1-2 [7940 B]
Get:611 http://deb.debian.org/debian bookworm/main arm64 node-has-unicode all 2.0.1-5 [3992 B]
Get:612 http://deb.debian.org/debian bookworm/main arm64 node-wide-align all 1.1.3-4 [4244 B]
Get:613 http://deb.debian.org/debian bookworm/main arm64 node-gauge all 4.0.4-1 [19.6 kB]
Get:614 http://deb.debian.org/debian bookworm/main arm64 node-pump all 3.0.0-5 [5136 B]
Get:615 http://deb.debian.org/debian bookworm/main arm64 node-get-stream all 6.0.1-1 [7208 B]
Get:616 http://deb.debian.org/debian bookworm/main arm64 node-lowercase-keys all 2.0.0-2 [3768 B]
Get:617 http://deb.debian.org/debian bookworm/main arm64 node-json-buffer all 3.0.1+~3.0.0-1 [4536 B]
Get:618 http://deb.debian.org/debian bookworm/main arm64 node-p-cancelable all 2.1.1-1 [7272 B]
Get:619 http://deb.debian.org/debian bookworm/main arm64 node-got all 11.8.5+~cs58.13.36-3 [121 kB]
Get:620 http://deb.debian.org/debian bookworm/main arm64 node-https-proxy-agent all 5.0.1+~cs8.0.0-3 [16.1 kB]
Get:621 http://deb.debian.org/debian bookworm/main arm64 node-set-blocking all 2.0.0-2 [4248 B]
Get:622 http://deb.debian.org/debian bookworm/main arm64 node-npmlog all 7.0.1+~4.1.4-1 [11.4 kB]
Get:623 http://deb.debian.org/debian bookworm/main arm64 node-osenv all 0.1.5+~0.1.1-1 [5884 B]
Get:624 http://deb.debian.org/debian-security bookworm-security/main arm64 node-tar all 6.1.13+~cs7.0.5-1+deb12u1 [52.8 kB]
Get:625 http://deb.debian.org/debian bookworm/main arm64 node-gyp all 9.3.0-2 [57.9 kB]
Get:626 http://deb.debian.org/debian bookworm/main arm64 node-ieee754 all 1.2.1-3 [5268 B]
Get:627 http://deb.debian.org/debian bookworm/main arm64 node-ini all 3.0.1-2 [6928 B]
Get:628 http://deb.debian.org/debian bookworm/main arm64 node-ip all 2.0.0+~1.1.0-1 [8128 B]
Get:629 http://deb.debian.org/debian bookworm/main arm64 node-ip-regex all 4.3.0+~4.1.1-1 [5188 B]
Get:630 http://deb.debian.org/debian bookworm/main arm64 node-mute-stream all 0.0.8+~0.0.1-3 [6232 B]
Get:631 http://deb.debian.org/debian bookworm/main arm64 node-negotiator all 0.6.3+~0.6.1-1 [10.8 kB]
Get:632 http://deb.debian.org/debian bookworm/main arm64 node-read-package-json all 5.0.2+~2.0.0-1 [12.0 kB]
Get:633 http://deb.debian.org/debian bookworm/main arm64 node-npm-bundled all 2.0.1-2 [6408 B]
Get:634 http://deb.debian.org/debian bookworm/main arm64 node-validate-npm-package-name all 5.0.0+~4.0.0-1 [7444 B]
Get:635 http://deb.debian.org/debian bookworm/main arm64 node-npm-package-arg all 10.0.0+~3.0.0-2 [11.4 kB]
Get:636 http://deb.debian.org/debian bookworm/main arm64 xdg-utils all 1.1.3-4.1 [75.5 kB]
Get:637 http://deb.debian.org/debian bookworm/main arm64 node-opener all 1.5.2+~1.4.0-1 [5940 B]
Get:638 http://deb.debian.org/debian bookworm/main arm64 node-retry all 0.13.1+~0.12.1-1 [11.2 kB]
Get:639 http://deb.debian.org/debian bookworm/main arm64 node-promise-retry all 2.0.1-4 [5016 B]
Get:640 http://deb.debian.org/debian bookworm/main arm64 node-read all 1.0.7-5 [5388 B]
Get:641 http://deb.debian.org/debian bookworm/main arm64 node-promzard all 0.3.0-2 [6788 B]
Get:642 http://deb.debian.org/debian bookworm/main arm64 node-shell-quote all 1.7.4+~1.7.1-1+deb12u1 [14.7 kB]
Get:643 http://deb.debian.org/debian bookworm/main arm64 node-stack-utils all 2.0.6+~2.0.1-1 [9260 B]
Get:644 http://deb.debian.org/debian bookworm/main arm64 node-yaml all 2.1.3-2 [118 kB]
Get:645 http://deb.debian.org/debian bookworm/main arm64 node-tap-parser all 11.0.2+~cs2.1.4-1 [62.7 kB]
Get:646 http://deb.debian.org/debian bookworm/main arm64 node-tap-mocha-reporter all 5.0.3+~2.0.2-2 [38.7 kB]
Get:647 http://deb.debian.org/debian bookworm/main arm64 node-widest-line all 3.1.0-2 [4092 B]
Get:648 http://deb.debian.org/debian bookworm/main arm64 node-ws all 8.11.0+~cs13.7.3-1 [51.1 kB]
Get:649 http://deb.debian.org/debian bookworm/main arm64 node-tap all 16.3.2+ds1+~cs50.8.16-1+deb12u1 [101 kB]
Get:650 http://deb.debian.org/debian bookworm/main arm64 node-text-table all 0.2.0-4 [4736 B]
Get:651 http://deb.debian.org/debian-security bookworm-security/main arm64 nodejs-doc all 18.20.4+dfsg-1~deb12u3 [3582 kB]
Get:652 http://deb.debian.org/debian bookworm/main arm64 npm all 9.2.0~ds1-1 [669 kB]
Get:653 http://deb.debian.org/debian bookworm/main arm64 publicsuffix all 20230209.2326-1 [126 kB]
Get:654 http://deb.debian.org/debian bookworm/main arm64 ripgrep arm64 13.0.0-4+b2 [1079 kB]
Get:655 http://deb.debian.org/debian bookworm/main arm64 x11-utils arm64 7.7+5 [196 kB]
Get:656 http://deb.debian.org/debian bookworm/main arm64 x11-xserver-utils arm64 7.7+9+b1 [163 kB]
Get:657 http://deb.debian.org/debian bookworm/main arm64 xauth arm64 1:1.1.2-1 [35.5 kB]
Get:658 http://deb.debian.org/debian bookworm/main arm64 xdg-user-dirs arm64 0.18-1 [54.2 kB]
Get:659 http://deb.debian.org/debian bookworm/main arm64 libegl1 arm64 1.6.0-1 [33.1 kB]
Get:660 http://deb.debian.org/debian bookworm/main arm64 zutty arm64 0.14.0.20230218+dfsg1-1 [163 kB]
debconf: delaying package configuration, since apt-utils is not installed
Fetched 190 MB in 2min 25s (1311 kB/s)
Selecting previously unselected package libdbus-1-3:arm64.
(Reading database ... (Reading database ... 5%(Reading database ... 10%(Reading database ... 15%(Reading database ... 20%(Reading database ... 25%(Reading database ... 30%(Reading database ... 35%(Reading database ... 40%(Reading database ... 45%(Reading database ... 50%(Reading database ... 55%(Reading database ... 60%(Reading database ... 65%(Reading database ... 70%(Reading database ... 75%(Reading database ... 80%(Reading database ... 85%(Reading database ... 90%(Reading database ... 95%(Reading database ... 100%(Reading database ... 6641 files and directories currently installed.)
Preparing to unpack .../00-libdbus-1-3_1.14.10-1~deb12u1_arm64.deb ...
Unpacking libdbus-1-3:arm64 (1.14.10-1~deb12u1) ...
Selecting previously unselected package dbus-bin.
Preparing to unpack .../01-dbus-bin_1.14.10-1~deb12u1_arm64.deb ...
Unpacking dbus-bin (1.14.10-1~deb12u1) ...
Selecting previously unselected package dbus-session-bus-common.
Preparing to unpack .../02-dbus-session-bus-common_1.14.10-1~deb12u1_all.deb ...
Unpacking dbus-session-bus-common (1.14.10-1~deb12u1) ...
Selecting previously unselected package libapparmor1:arm64.
Preparing to unpack .../03-libapparmor1_3.0.8-3_arm64.deb ...
Unpacking libapparmor1:arm64 (3.0.8-3) ...
Selecting previously unselected package libexpat1:arm64.
Preparing to unpack .../04-libexpat1_2.5.0-1+deb12u4_arm64.deb ...
Unpacking libexpat1:arm64 (2.5.0-1+deb12u4) ...
Selecting previously unselected package dbus-daemon.
Preparing to unpack .../05-dbus-daemon_1.14.10-1~deb12u1_arm64.deb ...
Unpacking dbus-daemon (1.14.10-1~deb12u1) ...
Selecting previously unselected package dbus-system-bus-common.
Preparing to unpack .../06-dbus-system-bus-common_1.14.10-1~deb12u1_all.deb ...
Unpacking dbus-system-bus-common (1.14.10-1~deb12u1) ...
Selecting previously unselected package dbus.
Preparing to unpack .../07-dbus_1.14.10-1~deb12u1_arm64.deb ...
Unpacking dbus (1.14.10-1~deb12u1) ...
Selecting previously unselected package perl-modules-5.36.
Preparing to unpack .../08-perl-modules-5.36_5.36.0-7+deb12u3_all.deb ...
Unpacking perl-modules-5.36 (5.36.0-7+deb12u3) ...
Selecting previously unselected package libgdbm-compat4:arm64.
Preparing to unpack .../09-libgdbm-compat4_1.23-3_arm64.deb ...
Unpacking libgdbm-compat4:arm64 (1.23-3) ...
Selecting previously unselected package libperl5.36:arm64.
Preparing to unpack .../10-libperl5.36_5.36.0-7+deb12u3_arm64.deb ...
Unpacking libperl5.36:arm64 (5.36.0-7+deb12u3) ...
Selecting previously unselected package perl.
Preparing to unpack .../11-perl_5.36.0-7+deb12u3_arm64.deb ...
Unpacking perl (5.36.0-7+deb12u3) ...
Selecting previously unselected package liblocale-gettext-perl.
Preparing to unpack .../12-liblocale-gettext-perl_1.07-5_arm64.deb ...
Unpacking liblocale-gettext-perl (1.07-5) ...
Selecting previously unselected package libpython3.11-minimal:arm64.
Preparing to unpack .../13-libpython3.11-minimal_3.11.2-6+deb12u8_arm64.deb ...
Unpacking libpython3.11-minimal:arm64 (3.11.2-6+deb12u8) ...
Selecting previously unselected package python3.11-minimal.
Preparing to unpack .../14-python3.11-minimal_3.11.2-6+deb12u8_arm64.deb ...
Unpacking python3.11-minimal (3.11.2-6+deb12u8) ...
Setting up libpython3.11-minimal:arm64 (3.11.2-6+deb12u8) ...
Setting up libexpat1:arm64 (2.5.0-1+deb12u4) ...
Setting up python3.11-minimal (3.11.2-6+deb12u8) ...
Selecting previously unselected package python3-minimal.
(Reading database ... (Reading database ... 5%(Reading database ... 10%(Reading database ... 15%(Reading database ... 20%(Reading database ... 25%(Reading database ... 30%(Reading database ... 35%(Reading database ... 40%(Reading database ... 45%(Reading database ... 50%(Reading database ... 55%(Reading database ... 60%(Reading database ... 65%(Reading database ... 70%(Reading database ... 75%(Reading database ... 80%(Reading database ... 85%(Reading database ... 90%(Reading database ... 95%(Reading database ... 100%(Reading database ... 9063 files and directories currently installed.)
Preparing to unpack .../00-python3-minimal_3.11.2-1+b1_arm64.deb ...
Unpacking python3-minimal (3.11.2-1+b1) ...
Selecting previously unselected package media-types.
Preparing to unpack .../01-media-types_10.0.0_all.deb ...
Unpacking media-types (10.0.0) ...
Selecting previously unselected package libkrb5support0:arm64.
Preparing to unpack .../02-libkrb5support0_1.20.1-2+deb12u5_arm64.deb ...
Unpacking libkrb5support0:arm64 (1.20.1-2+deb12u5) ...
Selecting previously unselected package libk5crypto3:arm64.
Preparing to unpack .../03-libk5crypto3_1.20.1-2+deb12u5_arm64.deb ...
Unpacking libk5crypto3:arm64 (1.20.1-2+deb12u5) ...
Selecting previously unselected package libkeyutils1:arm64.
Preparing to unpack .../04-libkeyutils1_1.6.3-2_arm64.deb ...
Unpacking libkeyutils1:arm64 (1.6.3-2) ...
Selecting previously unselected package libkrb5-3:arm64.
Preparing to unpack .../05-libkrb5-3_1.20.1-2+deb12u5_arm64.deb ...
Unpacking libkrb5-3:arm64 (1.20.1-2+deb12u5) ...
Selecting previously unselected package libgssapi-krb5-2:arm64.
Preparing to unpack .../06-libgssapi-krb5-2_1.20.1-2+deb12u5_arm64.deb ...
Unpacking libgssapi-krb5-2:arm64 (1.20.1-2+deb12u5) ...
Selecting previously unselected package libtirpc-common.
Preparing to unpack .../07-libtirpc-common_1.3.3+ds-1_all.deb ...
Unpacking libtirpc-common (1.3.3+ds-1) ...
Selecting previously unselected package libtirpc3:arm64.
Preparing to unpack .../08-libtirpc3_1.3.3+ds-1_arm64.deb ...
Unpacking libtirpc3:arm64 (1.3.3+ds-1) ...
Selecting previously unselected package libnsl2:arm64.
Preparing to unpack .../09-libnsl2_1.3.0-2_arm64.deb ...
Unpacking libnsl2:arm64 (1.3.0-2) ...
Selecting previously unselected package libpython3.11-stdlib:arm64.
Preparing to unpack .../10-libpython3.11-stdlib_3.11.2-6+deb12u8_arm64.deb ...
Unpacking libpython3.11-stdlib:arm64 (3.11.2-6+deb12u8) ...
Selecting previously unselected package python3.11.
Preparing to unpack .../11-python3.11_3.11.2-6+deb12u8_arm64.deb ...
Unpacking python3.11 (3.11.2-6+deb12u8) ...
Selecting previously unselected package libpython3-stdlib:arm64.
Preparing to unpack .../12-libpython3-stdlib_3.11.2-1+b1_arm64.deb ...
Unpacking libpython3-stdlib:arm64 (3.11.2-1+b1) ...
Setting up python3-minimal (3.11.2-1+b1) ...
Selecting previously unselected package python3.
(Reading database ... (Reading database ... 5%(Reading database ... 10%(Reading database ... 15%(Reading database ... 20%(Reading database ... 25%(Reading database ... 30%(Reading database ... 35%(Reading database ... 40%(Reading database ... 45%(Reading database ... 50%(Reading database ... 55%(Reading database ... 60%(Reading database ... 65%(Reading database ... 70%(Reading database ... 75%(Reading database ... 80%(Reading database ... 85%(Reading database ... 90%(Reading database ... 95%(Reading database ... 100%(Reading database ... 9529 files and directories currently installed.)
Preparing to unpack .../000-python3_3.11.2-1+b1_arm64.deb ...
Unpacking python3 (3.11.2-1+b1) ...
Selecting previously unselected package less.
Preparing to unpack .../001-less_590-2.1~deb12u2_arm64.deb ...
Unpacking less (590-2.1~deb12u2) ...
Selecting previously unselected package bzip2.
Preparing to unpack .../002-bzip2_1.0.8-5+b1_arm64.deb ...
Unpacking bzip2 (1.0.8-5+b1) ...
Selecting previously unselected package krb5-locales.
Preparing to unpack .../003-krb5-locales_1.20.1-2+deb12u5_all.deb ...
Unpacking krb5-locales (1.20.1-2+deb12u5) ...
Selecting previously unselected package manpages.
Preparing to unpack .../004-manpages_6.03-2_all.deb ...
Unpacking manpages (6.03-2) ...
Selecting previously unselected package libbsd0:arm64.
Preparing to unpack .../005-libbsd0_0.11.7-2_arm64.deb ...
Unpacking libbsd0:arm64 (0.11.7-2) ...
Selecting previously unselected package libedit2:arm64.
Preparing to unpack .../006-libedit2_3.1-20221030-2_arm64.deb ...
Unpacking libedit2:arm64 (3.1-20221030-2) ...
Selecting previously unselected package libcbor0.8:arm64.
Preparing to unpack .../007-libcbor0.8_0.8.0-2+b1_arm64.deb ...
Unpacking libcbor0.8:arm64 (0.8.0-2+b1) ...
Selecting previously unselected package libfido2-1:arm64.
Preparing to unpack .../008-libfido2-1_1.12.0-2+b1_arm64.deb ...
Unpacking libfido2-1:arm64 (1.12.0-2+b1) ...
Selecting previously unselected package openssh-client.
Preparing to unpack .../009-openssh-client_1%3a9.2p1-2+deb12u10_arm64.deb ...
Unpacking openssh-client (1:9.2p1-2+deb12u10) ...
Selecting previously unselected package xz-utils.
Preparing to unpack .../010-xz-utils_5.4.1-1+deb12u2_arm64.deb ...
Unpacking xz-utils (5.4.1-1+deb12u2) ...
Selecting previously unselected package binutils-common:arm64.
Preparing to unpack .../011-binutils-common_2.40-2_arm64.deb ...
Unpacking binutils-common:arm64 (2.40-2) ...
Selecting previously unselected package libbinutils:arm64.
Preparing to unpack .../012-libbinutils_2.40-2_arm64.deb ...
Unpacking libbinutils:arm64 (2.40-2) ...
Selecting previously unselected package libctf-nobfd0:arm64.
Preparing to unpack .../013-libctf-nobfd0_2.40-2_arm64.deb ...
Unpacking libctf-nobfd0:arm64 (2.40-2) ...
Selecting previously unselected package libctf0:arm64.
Preparing to unpack .../014-libctf0_2.40-2_arm64.deb ...
Unpacking libctf0:arm64 (2.40-2) ...
Selecting previously unselected package libgprofng0:arm64.
Preparing to unpack .../015-libgprofng0_2.40-2_arm64.deb ...
Unpacking libgprofng0:arm64 (2.40-2) ...
Selecting previously unselected package libjansson4:arm64.
Preparing to unpack .../016-libjansson4_2.14-2_arm64.deb ...
Unpacking libjansson4:arm64 (2.14-2) ...
Selecting previously unselected package binutils-aarch64-linux-gnu.
Preparing to unpack .../017-binutils-aarch64-linux-gnu_2.40-2_arm64.deb ...
Unpacking binutils-aarch64-linux-gnu (2.40-2) ...
Selecting previously unselected package binutils.
Preparing to unpack .../018-binutils_2.40-2_arm64.deb ...
Unpacking binutils (2.40-2) ...
Selecting previously unselected package libc-dev-bin.
Preparing to unpack .../019-libc-dev-bin_2.36-9+deb12u14_arm64.deb ...
Unpacking libc-dev-bin (2.36-9+deb12u14) ...
Selecting previously unselected package linux-libc-dev:arm64.
Preparing to unpack .../020-linux-libc-dev_6.1.187-1_arm64.deb ...
Unpacking linux-libc-dev:arm64 (6.1.187-1) ...
Selecting previously unselected package libcrypt-dev:arm64.
Preparing to unpack .../021-libcrypt-dev_1%3a4.4.33-2_arm64.deb ...
Unpacking libcrypt-dev:arm64 (1:4.4.33-2) ...
Selecting previously unselected package libtirpc-dev:arm64.
Preparing to unpack .../022-libtirpc-dev_1.3.3+ds-1_arm64.deb ...
Unpacking libtirpc-dev:arm64 (1.3.3+ds-1) ...
Selecting previously unselected package libnsl-dev:arm64.
Preparing to unpack .../023-libnsl-dev_1.3.0-2_arm64.deb ...
Unpacking libnsl-dev:arm64 (1.3.0-2) ...
Selecting previously unselected package rpcsvc-proto.
Preparing to unpack .../024-rpcsvc-proto_1.4.3-1_arm64.deb ...
Unpacking rpcsvc-proto (1.4.3-1) ...
Selecting previously unselected package libc6-dev:arm64.
Preparing to unpack .../025-libc6-dev_2.36-9+deb12u14_arm64.deb ...
Unpacking libc6-dev:arm64 (2.36-9+deb12u14) ...
Selecting previously unselected package libisl23:arm64.
Preparing to unpack .../026-libisl23_0.25-1.1_arm64.deb ...
Unpacking libisl23:arm64 (0.25-1.1) ...
Selecting previously unselected package libmpfr6:arm64.
Preparing to unpack .../027-libmpfr6_4.2.0-1_arm64.deb ...
Unpacking libmpfr6:arm64 (4.2.0-1) ...
Selecting previously unselected package libmpc3:arm64.
Preparing to unpack .../028-libmpc3_1.3.1-1_arm64.deb ...
Unpacking libmpc3:arm64 (1.3.1-1) ...
Selecting previously unselected package cpp-12.
Preparing to unpack .../029-cpp-12_12.2.0-14+deb12u1_arm64.deb ...
Unpacking cpp-12 (12.2.0-14+deb12u1) ...
Selecting previously unselected package cpp.
Preparing to unpack .../030-cpp_4%3a12.2.0-3_arm64.deb ...
Unpacking cpp (4:12.2.0-3) ...
Selecting previously unselected package libcc1-0:arm64.
Preparing to unpack .../031-libcc1-0_12.2.0-14+deb12u1_arm64.deb ...
Unpacking libcc1-0:arm64 (12.2.0-14+deb12u1) ...
Selecting previously unselected package libgomp1:arm64.
Preparing to unpack .../032-libgomp1_12.2.0-14+deb12u1_arm64.deb ...
Unpacking libgomp1:arm64 (12.2.0-14+deb12u1) ...
Selecting previously unselected package libitm1:arm64.
Preparing to unpack .../033-libitm1_12.2.0-14+deb12u1_arm64.deb ...
Unpacking libitm1:arm64 (12.2.0-14+deb12u1) ...
Selecting previously unselected package libatomic1:arm64.
Preparing to unpack .../034-libatomic1_12.2.0-14+deb12u1_arm64.deb ...
Unpacking libatomic1:arm64 (12.2.0-14+deb12u1) ...
Selecting previously unselected package libasan8:arm64.
Preparing to unpack .../035-libasan8_12.2.0-14+deb12u1_arm64.deb ...
Unpacking libasan8:arm64 (12.2.0-14+deb12u1) ...
Selecting previously unselected package liblsan0:arm64.
Preparing to unpack .../036-liblsan0_12.2.0-14+deb12u1_arm64.deb ...
Unpacking liblsan0:arm64 (12.2.0-14+deb12u1) ...
Selecting previously unselected package libtsan2:arm64.
Preparing to unpack .../037-libtsan2_12.2.0-14+deb12u1_arm64.deb ...
Unpacking libtsan2:arm64 (12.2.0-14+deb12u1) ...
Selecting previously unselected package libubsan1:arm64.
Preparing to unpack .../038-libubsan1_12.2.0-14+deb12u1_arm64.deb ...
Unpacking libubsan1:arm64 (12.2.0-14+deb12u1) ...
Selecting previously unselected package libhwasan0:arm64.
Preparing to unpack .../039-libhwasan0_12.2.0-14+deb12u1_arm64.deb ...
Unpacking libhwasan0:arm64 (12.2.0-14+deb12u1) ...
Selecting previously unselected package libgcc-12-dev:arm64.
Preparing to unpack .../040-libgcc-12-dev_12.2.0-14+deb12u1_arm64.deb ...
Unpacking libgcc-12-dev:arm64 (12.2.0-14+deb12u1) ...
Selecting previously unselected package gcc-12.
Preparing to unpack .../041-gcc-12_12.2.0-14+deb12u1_arm64.deb ...
Unpacking gcc-12 (12.2.0-14+deb12u1) ...
Selecting previously unselected package gcc.
Preparing to unpack .../042-gcc_4%3a12.2.0-3_arm64.deb ...
Unpacking gcc (4:12.2.0-3) ...
Selecting previously unselected package libstdc++-12-dev:arm64.
Preparing to unpack .../043-libstdc++-12-dev_12.2.0-14+deb12u1_arm64.deb ...
Unpacking libstdc++-12-dev:arm64 (12.2.0-14+deb12u1) ...
Selecting previously unselected package g++-12.
Preparing to unpack .../044-g++-12_12.2.0-14+deb12u1_arm64.deb ...
Unpacking g++-12 (12.2.0-14+deb12u1) ...
Selecting previously unselected package g++.
Preparing to unpack .../045-g++_4%3a12.2.0-3_arm64.deb ...
Unpacking g++ (4:12.2.0-3) ...
Selecting previously unselected package make.
Preparing to unpack .../046-make_4.3-4.1_arm64.deb ...
Unpacking make (4.3-4.1) ...
Selecting previously unselected package libdpkg-perl.
Preparing to unpack .../047-libdpkg-perl_1.21.23_all.deb ...
Unpacking libdpkg-perl (1.21.23) ...
Selecting previously unselected package patch.
Preparing to unpack .../048-patch_2.7.6-7_arm64.deb ...
Unpacking patch (2.7.6-7) ...
Selecting previously unselected package dpkg-dev.
Preparing to unpack .../049-dpkg-dev_1.21.23_all.deb ...
Unpacking dpkg-dev (1.21.23) ...
Selecting previously unselected package build-essential.
Preparing to unpack .../050-build-essential_12.9_arm64.deb ...
Unpacking build-essential (12.9) ...
Selecting previously unselected package libbrotli1:arm64.
Preparing to unpack .../051-libbrotli1_1.0.9-2+b6_arm64.deb ...
Unpacking libbrotli1:arm64 (1.0.9-2+b6) ...
Selecting previously unselected package libsasl2-modules-db:arm64.
Preparing to unpack .../052-libsasl2-modules-db_2.1.28+dfsg-10_arm64.deb ...
Unpacking libsasl2-modules-db:arm64 (2.1.28+dfsg-10) ...
Selecting previously unselected package libsasl2-2:arm64.
Preparing to unpack .../053-libsasl2-2_2.1.28+dfsg-10_arm64.deb ...
Unpacking libsasl2-2:arm64 (2.1.28+dfsg-10) ...
Selecting previously unselected package libldap-2.5-0:arm64.
Preparing to unpack .../054-libldap-2.5-0_2.5.13+dfsg-5_arm64.deb ...
Unpacking libldap-2.5-0:arm64 (2.5.13+dfsg-5) ...
Selecting previously unselected package libnghttp2-14:arm64.
Preparing to unpack .../055-libnghttp2-14_1.52.0-1+deb12u3_arm64.deb ...
Unpacking libnghttp2-14:arm64 (1.52.0-1+deb12u3) ...
Selecting previously unselected package libpsl5:arm64.
Preparing to unpack .../056-libpsl5_0.21.2-1_arm64.deb ...
Unpacking libpsl5:arm64 (0.21.2-1) ...
Selecting previously unselected package librtmp1:arm64.
Preparing to unpack .../057-librtmp1_2.4+20151223.gitfa8646d.1-2+b2_arm64.deb ...
Unpacking librtmp1:arm64 (2.4+20151223.gitfa8646d.1-2+b2) ...
Selecting previously unselected package libssh2-1:arm64.
Preparing to unpack .../058-libssh2-1_1.10.0-3+deb12u1_arm64.deb ...
Unpacking libssh2-1:arm64 (1.10.0-3+deb12u1) ...
Selecting previously unselected package libcurl4:arm64.
Preparing to unpack .../059-libcurl4_7.88.1-10+deb12u15_arm64.deb ...
Unpacking libcurl4:arm64 (7.88.1-10+deb12u15) ...
Selecting previously unselected package curl.
Preparing to unpack .../060-curl_7.88.1-10+deb12u15_arm64.deb ...
Unpacking curl (7.88.1-10+deb12u15) ...
Selecting previously unselected package libassuan0:arm64.
Preparing to unpack .../061-libassuan0_2.5.5-5_arm64.deb ...
Unpacking libassuan0:arm64 (2.5.5-5) ...
Selecting previously unselected package gpgconf.
Preparing to unpack .../062-gpgconf_2.2.40-1.1+deb12u2_arm64.deb ...
Unpacking gpgconf (2.2.40-1.1+deb12u2) ...
Selecting previously unselected package libksba8:arm64.
Preparing to unpack .../063-libksba8_1.6.3-2_arm64.deb ...
Unpacking libksba8:arm64 (1.6.3-2) ...
Selecting previously unselected package libnpth0:arm64.
Preparing to unpack .../064-libnpth0_1.6-3_arm64.deb ...
Unpacking libnpth0:arm64 (1.6-3) ...
Selecting previously unselected package dirmngr.
Preparing to unpack .../065-dirmngr_2.2.40-1.1+deb12u2_arm64.deb ...
Unpacking dirmngr (2.2.40-1.1+deb12u2) ...
Selecting previously unselected package node-fast-deep-equal.
Preparing to unpack .../066-node-fast-deep-equal_3.1.3-3_all.deb ...
Unpacking node-fast-deep-equal (3.1.3-3) ...
Selecting previously unselected package node-json-schema-traverse.
Preparing to unpack .../067-node-json-schema-traverse_1.0.0-3_all.deb ...
Unpacking node-json-schema-traverse (1.0.0-3) ...
Selecting previously unselected package node-jsonify.
Preparing to unpack .../068-node-jsonify_0.0.1-1_all.deb ...
Unpacking node-jsonify (0.0.1-1) ...
Selecting previously unselected package node-json-stable-stringify.
Preparing to unpack .../069-node-json-stable-stringify_1.0.2+~cs5.2.34-1_all.deb ...
Unpacking node-json-stable-stringify (1.0.2+~cs5.2.34-1) ...
Selecting previously unselected package libc-ares2:arm64.
Preparing to unpack .../070-libc-ares2_1.18.1-3_arm64.deb ...
Unpacking libc-ares2:arm64 (1.18.1-3) ...
Selecting previously unselected package libicu72:arm64.
Preparing to unpack .../071-libicu72_72.1-3+deb12u1_arm64.deb ...
Unpacking libicu72:arm64 (72.1-3+deb12u1) ...
Selecting previously unselected package libuv1:arm64.
Preparing to unpack .../072-libuv1_1.44.2-1+deb12u1_arm64.deb ...
Unpacking libuv1:arm64 (1.44.2-1+deb12u1) ...
Selecting previously unselected package node-xtend.
Preparing to unpack .../073-node-xtend_4.0.2-3_all.deb ...
Unpacking node-xtend (4.0.2-3) ...
Selecting previously unselected package node-acorn.
Preparing to unpack .../074-node-acorn_8.8.1+ds+~cs25.17.7-2_all.deb ...
Unpacking node-acorn (8.8.1+ds+~cs25.17.7-2) ...
Selecting previously unselected package node-cjs-module-lexer.
Preparing to unpack .../075-node-cjs-module-lexer_1.2.2+dfsg-5_all.deb ...
Unpacking node-cjs-module-lexer (1.2.2+dfsg-5) ...
Selecting previously unselected package node-busboy.
Preparing to unpack .../076-node-busboy_1.6.0+~cs2.6.0-2_all.deb ...
Unpacking node-busboy (1.6.0+~cs2.6.0-2) ...
Selecting previously unselected package node-undici.
Preparing to unpack .../077-node-undici_5.15.0+dfsg1+~cs20.10.9.3-1+deb12u4_all.deb ...
Unpacking node-undici (5.15.0+dfsg1+~cs20.10.9.3-1+deb12u4) ...
Selecting previously unselected package libnode108:arm64.
Preparing to unpack .../078-libnode108_18.20.4+dfsg-1~deb12u3_arm64.deb ...
Unpacking libnode108:arm64 (18.20.4+dfsg-1~deb12u3) ...
Selecting previously unselected package nodejs.
Preparing to unpack .../079-nodejs_18.20.4+dfsg-1~deb12u3_arm64.deb ...
Unpacking nodejs (18.20.4+dfsg-1~deb12u3) ...
Selecting previously unselected package node-punycode.
Preparing to unpack .../080-node-punycode_2.1.1-6_all.deb ...
Unpacking node-punycode (2.1.1-6) ...
Selecting previously unselected package node-uri-js.
Preparing to unpack .../081-node-uri-js_4.4.0+dfsg-8_all.deb ...
Unpacking node-uri-js (4.4.0+dfsg-8) ...
Selecting previously unselected package node-ajv.
Preparing to unpack .../082-node-ajv_6.12.6-3_all.deb ...
Unpacking node-ajv (6.12.6-3) ...
Selecting previously unselected package libjs-inherits.
Preparing to unpack .../083-libjs-inherits_2.0.4-6_all.deb ...
Unpacking libjs-inherits (2.0.4-6) ...
Selecting previously unselected package node-inherits.
Preparing to unpack .../084-node-inherits_2.0.4-6_all.deb ...
Unpacking node-inherits (2.0.4-6) ...
Selecting previously unselected package node-core-util-is.
Preparing to unpack .../085-node-core-util-is_1.0.3-1_all.deb ...
Unpacking node-core-util-is (1.0.3-1) ...
Selecting previously unselected package node-safe-buffer.
Preparing to unpack .../086-node-safe-buffer_5.2.1+~cs2.1.2-3_all.deb ...
Unpacking node-safe-buffer (5.2.1+~cs2.1.2-3) ...
Selecting previously unselected package node-string-decoder.
Preparing to unpack .../087-node-string-decoder_1.3.0-6_all.deb ...
Unpacking node-string-decoder (1.3.0-6) ...
Selecting previously unselected package node-process-nextick-args.
Preparing to unpack .../088-node-process-nextick-args_2.0.1-3_all.deb ...
Unpacking node-process-nextick-args (2.0.1-3) ...
Selecting previously unselected package node-util-deprecate.
Preparing to unpack .../089-node-util-deprecate_1.0.2-3_all.deb ...
Unpacking node-util-deprecate (1.0.2-3) ...
Selecting previously unselected package node-isarray.
Preparing to unpack .../090-node-isarray_2.0.5-4_all.deb ...
Unpacking node-isarray (2.0.5-4) ...
Selecting previously unselected package node-readable-stream.
Preparing to unpack .../091-node-readable-stream_3.6.0+~cs3.0.0-4_all.deb ...
Unpacking node-readable-stream (3.6.0+~cs3.0.0-4) ...
Selecting previously unselected package node-typedarray.
Preparing to unpack .../092-node-typedarray_0.0.7-1_all.deb ...
Unpacking node-typedarray (0.0.7-1) ...
Selecting previously unselected package node-concat-stream.
Preparing to unpack .../093-node-concat-stream_2.0.0+~2.0.0-2_all.deb ...
Unpacking node-concat-stream (2.0.0+~2.0.0-2) ...
Selecting previously unselected package node-ms.
Preparing to unpack .../094-node-ms_2.1.3+~cs0.7.31-3_all.deb ...
Unpacking node-ms (2.1.3+~cs0.7.31-3) ...
Selecting previously unselected package node-debug.
Preparing to unpack .../095-node-debug_4.3.4+~cs4.1.7-1_all.deb ...
Unpacking node-debug (4.3.4+~cs4.1.7-1) ...
Selecting previously unselected package node-esutils.
Preparing to unpack .../096-node-esutils_2.0.3+~2.0.0-1_all.deb ...
Unpacking node-esutils (2.0.3+~2.0.0-1) ...
Selecting previously unselected package node-doctrine.
Preparing to unpack .../097-node-doctrine_3.0.0-4_all.deb ...
Unpacking node-doctrine (3.0.0-4) ...
Selecting previously unselected package node-eslint-visitor-keys.
Preparing to unpack .../098-node-eslint-visitor-keys_3.3.0+~1.0.0-1_all.deb ...
Unpacking node-eslint-visitor-keys (3.3.0+~1.0.0-1) ...
Selecting previously unselected package node-estraverse.
Preparing to unpack .../099-node-estraverse_5.3.0+ds+~5.1.1-1_all.deb ...
Unpacking node-estraverse (5.3.0+ds+~5.1.1-1) ...
Selecting previously unselected package node-object-assign.
Preparing to unpack .../100-node-object-assign_4.1.1-7_all.deb ...
Unpacking node-object-assign (4.1.1-7) ...
Selecting previously unselected package node-esrecurse.
Preparing to unpack .../101-node-esrecurse_4.3.0-2_all.deb ...
Unpacking node-esrecurse (4.3.0-2) ...
Selecting previously unselected package node-eslint-scope.
Preparing to unpack .../102-node-eslint-scope_7.1.1+~3.7.4-1_all.deb ...
Unpacking node-eslint-scope (7.1.1+~3.7.4-1) ...
Selecting previously unselected package node-espree.
Preparing to unpack .../103-node-espree_9.4.1~dfsg-1_all.deb ...
Unpacking node-espree (9.4.1~dfsg-1) ...
Selecting previously unselected package node-esquery.
Preparing to unpack .../104-node-esquery_1.4.2~ds-1_all.deb ...
Unpacking node-esquery (1.4.2~ds-1) ...
Selecting previously unselected package node-eslint-utils.
Preparing to unpack .../105-node-eslint-utils_3.0.0-3_all.deb ...
Unpacking node-eslint-utils (3.0.0-3) ...
Selecting previously unselected package node-flatted.
Preparing to unpack .../106-node-flatted_3.2.7~ds-1+deb12u1_all.deb ...
Unpacking node-flatted (3.2.7~ds-1+deb12u1) ...
Selecting previously unselected package node-fs.realpath.
Preparing to unpack .../107-node-fs.realpath_1.0.0-3_all.deb ...
Unpacking node-fs.realpath (1.0.0-3) ...
Selecting previously unselected package node-wrappy.
Preparing to unpack .../108-node-wrappy_1.0.2-3_all.deb ...
Unpacking node-wrappy (1.0.2-3) ...
Selecting previously unselected package node-once.
Preparing to unpack .../109-node-once_1.4.0-7_all.deb ...
Unpacking node-once (1.4.0-7) ...
Selecting previously unselected package node-inflight.
Preparing to unpack .../110-node-inflight_1.0.6-2_all.deb ...
Unpacking node-inflight (1.0.6-2) ...
Selecting previously unselected package node-balanced-match.
Preparing to unpack .../111-node-balanced-match_2.0.0-1_all.deb ...
Unpacking node-balanced-match (2.0.0-1) ...
Selecting previously unselected package node-brace-expansion.
Preparing to unpack .../112-node-brace-expansion_2.0.1-2_all.deb ...
Unpacking node-brace-expansion (2.0.1-2) ...
Selecting previously unselected package node-minimatch.
Preparing to unpack .../113-node-minimatch_5.1.1+~5.1.2-1_all.deb ...
Unpacking node-minimatch (5.1.1+~5.1.2-1) ...
Selecting previously unselected package node-glob.
Preparing to unpack .../114-node-glob_8.0.3+~cs8.4.15-1_all.deb ...
Unpacking node-glob (8.0.3+~cs8.4.15-1) ...
Selecting previously unselected package node-rimraf.
Preparing to unpack .../115-node-rimraf_3.0.2-2_all.deb ...
Unpacking node-rimraf (3.0.2-2) ...
Selecting previously unselected package node-write.
Preparing to unpack .../116-node-write_2.0.0~6.0.0+~3.0.4+~2.0.0+~1.0.0+~2.0.1-5_all.deb ...
Unpacking node-write (2.0.0~6.0.0+~3.0.4+~2.0.0+~1.0.0+~2.0.1-5) ...
Selecting previously unselected package node-flat-cache.
Preparing to unpack .../117-node-flat-cache_3.0.4~6.0.0+~3.0.4+~2.0.0+~1.0.0+~2.0.1-5_all.deb ...
Unpacking node-flat-cache (3.0.4~6.0.0+~3.0.4+~2.0.0+~1.0.0+~2.0.1-5) ...
Selecting previously unselected package node-file-entry-cache.
Preparing to unpack .../118-node-file-entry-cache_6.0.0+~3.0.4+~2.0.0+~1.0.0+~2.0.1-5_all.deb ...
Unpacking node-file-entry-cache (6.0.0+~3.0.4+~2.0.0+~1.0.0+~2.0.1-5) ...
Selecting previously unselected package node-functional-red-black-tree.
Preparing to unpack .../119-node-functional-red-black-tree_1.0.1+20181105-7_all.deb ...
Unpacking node-functional-red-black-tree (1.0.1+20181105-7) ...
Selecting previously unselected package node-is-extglob.
Preparing to unpack .../120-node-is-extglob_2.1.1-5_all.deb ...
Unpacking node-is-extglob (2.1.1-5) ...
Selecting previously unselected package node-is-glob.
Preparing to unpack .../121-node-is-glob_4.0.3-2_all.deb ...
Unpacking node-is-glob (4.0.3-2) ...
Selecting previously unselected package node-path-dirname.
Preparing to unpack .../122-node-path-dirname_1.0.2-2_all.deb ...
Unpacking node-path-dirname (1.0.2-2) ...
Selecting previously unselected package node-glob-parent.
Preparing to unpack .../123-node-glob-parent_6.0.2+~5.1.1-2_all.deb ...
Unpacking node-glob-parent (6.0.2+~5.1.1-2) ...
Selecting previously unselected package node-globals.
Preparing to unpack .../124-node-globals_13.18.0-1_all.deb ...
Unpacking node-globals (13.18.0-1) ...
Selecting previously unselected package node-resolve-from.
Preparing to unpack .../125-node-resolve-from_5.0.0+~3.1.0+~3.3.0+~2.0.0-1_all.deb ...
Unpacking node-resolve-from (5.0.0+~3.1.0+~3.3.0+~2.0.0-1) ...
Selecting previously unselected package node-imurmurhash.
Preparing to unpack .../126-node-imurmurhash_0.1.4+dfsg+~0.1.1-2_all.deb ...
Unpacking node-imurmurhash (0.1.4+dfsg+~0.1.1-2) ...
Selecting previously unselected package node-ignore.
Preparing to unpack .../127-node-ignore_5.2.1-1_all.deb ...
Unpacking node-ignore (5.2.1-1) ...
Selecting previously unselected package node-prelude-ls.
Preparing to unpack .../128-node-prelude-ls_1.2.1+dfsg-3_all.deb ...
Unpacking node-prelude-ls (1.2.1+dfsg-3) ...
Selecting previously unselected package node-type-check.
Preparing to unpack .../129-node-type-check_0.4.0+dfsg-3_all.deb ...
Unpacking node-type-check (0.4.0+dfsg-3) ...
Selecting previously unselected package node-levn.
Preparing to unpack .../130-node-levn_0.4.1+dfsg-2_all.deb ...
Unpacking node-levn (0.4.1+dfsg-2) ...
Selecting previously unselected package node-lodash.
Preparing to unpack .../131-node-lodash_4.17.21+dfsg+~cs8.31.198.20210220-9_all.deb ...
Unpacking node-lodash (4.17.21+dfsg+~cs8.31.198.20210220-9) ...
Selecting previously unselected package node-memfs.
Preparing to unpack .../132-node-memfs_3.4.12+~cs1.0.3-1_all.deb ...
Unpacking node-memfs (3.4.12+~cs1.0.3-1) ...
Selecting previously unselected package node-mkdirp.
Preparing to unpack .../133-node-mkdirp_1.0.4+~1.0.2-4_all.deb ...
Unpacking node-mkdirp (1.0.4+~1.0.2-4) ...
Selecting previously unselected package node-deep-is.
Preparing to unpack .../134-node-deep-is_0.1.4-1_all.deb ...
Unpacking node-deep-is (0.1.4-1) ...
Selecting previously unselected package node-fast-levenshtein.
Preparing to unpack .../135-node-fast-levenshtein_2.0.6+ds-3_all.deb ...
Unpacking node-fast-levenshtein (2.0.6+ds-3) ...
Selecting previously unselected package node-optionator.
Preparing to unpack .../136-node-optionator_0.9.1+dfsg+~cs1.2.3-1_all.deb ...
Unpacking node-optionator (0.9.1+dfsg+~cs1.2.3-1) ...
Selecting previously unselected package node-progress.
Preparing to unpack .../137-node-progress_2.0.3-2_all.deb ...
Unpacking node-progress (2.0.3-2) ...
Selecting previously unselected package libjs-regenerate.
Preparing to unpack .../138-libjs-regenerate_1.4.2-3_all.deb ...
Unpacking libjs-regenerate (1.4.2-3) ...
Selecting previously unselected package node-regenerate.
Preparing to unpack .../139-node-regenerate_1.4.2-3_all.deb ...
Unpacking node-regenerate (1.4.2-3) ...
Selecting previously unselected package node-regenerate-unicode-properties.
Preparing to unpack .../140-node-regenerate-unicode-properties_10.1.0+ds-1_all.deb ...
Unpacking node-regenerate-unicode-properties (10.1.0+ds-1) ...
Selecting previously unselected package node-regexpp.
Preparing to unpack .../141-node-regexpp_3.2.0-4+deb12u1_all.deb ...
Unpacking node-regexpp (3.2.0-4+deb12u1) ...
Selecting previously unselected package node-yallist.
Preparing to unpack .../142-node-yallist_4.0.0+~4.0.1-1_all.deb ...
Unpacking node-yallist (4.0.0+~4.0.1-1) ...
Selecting previously unselected package node-lru-cache.
Preparing to unpack .../143-node-lru-cache_7.14.1-1_all.deb ...
Unpacking node-lru-cache (7.14.1-1) ...
Selecting previously unselected package node-semver.
Preparing to unpack .../144-node-semver_7.3.5+~7.3.9-2_all.deb ...
Unpacking node-semver (7.3.5+~7.3.9-2) ...
Selecting previously unselected package node-strip-json-comments.
Preparing to unpack .../145-node-strip-json-comments_4.0.0-4_all.deb ...
Unpacking node-strip-json-comments (4.0.0-4) ...
Selecting previously unselected package node-json-schema.
Preparing to unpack .../146-node-json-schema_0.4.0+~7.0.11-1_all.deb ...
Unpacking node-json-schema (0.4.0+~7.0.11-1) ...
Selecting previously unselected package node-v8-compile-cache.
Preparing to unpack .../147-node-v8-compile-cache_2.3.0-3+deb12u1_all.deb ...
Unpacking node-v8-compile-cache (2.3.0-3+deb12u1) ...
Selecting previously unselected package eslint.
Preparing to unpack .../148-eslint_6.4.0~dfsg+~6.1.9-7_all.deb ...
Unpacking eslint (6.4.0~dfsg+~6.1.9-7) ...
Selecting previously unselected package libfakeroot:arm64.
Preparing to unpack .../149-libfakeroot_1.31-1.2_arm64.deb ...
Unpacking libfakeroot:arm64 (1.31-1.2) ...
Selecting previously unselected package fakeroot.
Preparing to unpack .../150-fakeroot_1.31-1.2_arm64.deb ...
Unpacking fakeroot (1.31-1.2) ...
Selecting previously unselected package fonts-dejavu-core.
Preparing to unpack .../151-fonts-dejavu-core_2.37-6_all.deb ...
Unpacking fonts-dejavu-core (2.37-6) ...
Selecting previously unselected package fontconfig-config.
Preparing to unpack .../152-fontconfig-config_2.14.1-4_arm64.deb ...
Unpacking fontconfig-config (2.14.1-4) ...
Selecting previously unselected package libcurl3-gnutls:arm64.
Preparing to unpack .../153-libcurl3-gnutls_7.88.1-10+deb12u15_arm64.deb ...
Unpacking libcurl3-gnutls:arm64 (7.88.1-10+deb12u15) ...
Selecting previously unselected package liberror-perl.
Preparing to unpack .../154-liberror-perl_0.17029-2_all.deb ...
Unpacking liberror-perl (0.17029-2) ...
Selecting previously unselected package git-man.
Preparing to unpack .../155-git-man_1%3a2.39.5-0+deb12u3_all.deb ...
Unpacking git-man (1:2.39.5-0+deb12u3) ...
Selecting previously unselected package git.
Preparing to unpack .../156-git_1%3a2.39.5-0+deb12u3_arm64.deb ...
Unpacking git (1:2.39.5-0+deb12u3) ...
Selecting previously unselected package gnupg-l10n.
Preparing to unpack .../157-gnupg-l10n_2.2.40-1.1+deb12u2_all.deb ...
Unpacking gnupg-l10n (2.2.40-1.1+deb12u2) ...
Selecting previously unselected package gnupg-utils.
Preparing to unpack .../158-gnupg-utils_2.2.40-1.1+deb12u2_arm64.deb ...
Unpacking gnupg-utils (2.2.40-1.1+deb12u2) ...
Selecting previously unselected package gpg.
Preparing to unpack .../159-gpg_2.2.40-1.1+deb12u2_arm64.deb ...
Unpacking gpg (2.2.40-1.1+deb12u2) ...
Selecting previously unselected package pinentry-curses.
Preparing to unpack .../160-pinentry-curses_1.2.1-1_arm64.deb ...
Unpacking pinentry-curses (1.2.1-1) ...
Selecting previously unselected package gpg-agent.
Preparing to unpack .../161-gpg-agent_2.2.40-1.1+deb12u2_arm64.deb ...
Unpacking gpg-agent (2.2.40-1.1+deb12u2) ...
Selecting previously unselected package gpg-wks-client.
Preparing to unpack .../162-gpg-wks-client_2.2.40-1.1+deb12u2_arm64.deb ...
Unpacking gpg-wks-client (2.2.40-1.1+deb12u2) ...
Selecting previously unselected package gpg-wks-server.
Preparing to unpack .../163-gpg-wks-server_2.2.40-1.1+deb12u2_arm64.deb ...
Unpacking gpg-wks-server (2.2.40-1.1+deb12u2) ...
Selecting previously unselected package gpgsm.
Preparing to unpack .../164-gpgsm_2.2.40-1.1+deb12u2_arm64.deb ...
Unpacking gpgsm (2.2.40-1.1+deb12u2) ...
Selecting previously unselected package gnupg.
Preparing to unpack .../165-gnupg_2.2.40-1.1+deb12u2_all.deb ...
Unpacking gnupg (2.2.40-1.1+deb12u2) ...
Selecting previously unselected package python3-pkg-resources.
Preparing to unpack .../166-python3-pkg-resources_66.1.1-1+deb12u2_all.deb ...
Unpacking python3-pkg-resources (66.1.1-1+deb12u2) ...
Selecting previously unselected package python3-six.
Preparing to unpack .../167-python3-six_1.16.0-4_all.deb ...
Unpacking python3-six (1.16.0-4) ...
Selecting previously unselected package gyp.
Preparing to unpack .../168-gyp_0.1+20220404git9ecf45e-2_all.deb ...
Unpacking gyp (0.1+20220404git9ecf45e-2) ...
Selecting previously unselected package node-neo-async.
Preparing to unpack .../169-node-neo-async_2.6.2+~cs3.0.0-2_all.deb ...
Unpacking node-neo-async (2.6.2+~cs3.0.0-2) ...
Selecting previously unselected package node-arrify.
Preparing to unpack .../170-node-arrify_2.0.1-3_all.deb ...
Unpacking node-arrify (2.0.1-3) ...
Selecting previously unselected package node-is-plain-obj.
Preparing to unpack .../171-node-is-plain-obj_3.0.0-2_all.deb ...
Unpacking node-is-plain-obj (3.0.0-2) ...
Selecting previously unselected package node-is-buffer.
Preparing to unpack .../172-node-is-buffer_2.0.5-2_all.deb ...
Unpacking node-is-buffer (2.0.5-2) ...
Selecting previously unselected package node-kind-of.
Preparing to unpack .../173-node-kind-of_6.0.3+dfsg-2_all.deb ...
Unpacking node-kind-of (6.0.3+dfsg-2) ...
Selecting previously unselected package node-minimist.
Preparing to unpack .../174-node-minimist_1.2.7+~cs5.3.2-2_all.deb ...
Unpacking node-minimist (1.2.7+~cs5.3.2-2) ...
Selecting previously unselected package node-wordwrap.
Preparing to unpack .../175-node-wordwrap_1.0.0-4_all.deb ...
Unpacking node-wordwrap (1.0.0-4) ...
Selecting previously unselected package node-optimist.
Preparing to unpack .../176-node-optimist_0.6.1+~0.0.30-2_all.deb ...
Unpacking node-optimist (0.6.1+~0.0.30-2) ...
Selecting previously unselected package libjs-source-map.
Preparing to unpack .../177-libjs-source-map_0.7.0++dfsg2+really.0.6.1-15_all.deb ...
Unpacking libjs-source-map (0.7.0++dfsg2+really.0.6.1-15) ...
Selecting previously unselected package node-source-map.
Preparing to unpack .../178-node-source-map_0.7.0++dfsg2+really.0.6.1-15_all.deb ...
Unpacking node-source-map (0.7.0++dfsg2+really.0.6.1-15) ...
Selecting previously unselected package handlebars.
Preparing to unpack .../179-handlebars_3%3a4.7.7+~4.1.0-1_all.deb ...
Unpacking handlebars (3:4.7.7+~4.1.0-1) ...
Selecting previously unselected package javascript-common.
Preparing to unpack .../180-javascript-common_11+nmu1_all.deb ...
Unpacking javascript-common (11+nmu1) ...
Selecting previously unselected package libabsl20220623:arm64.
Preparing to unpack .../181-libabsl20220623_20220623.1-1+deb12u2_arm64.deb ...
Unpacking libabsl20220623:arm64 (20220623.1-1+deb12u2) ...
Selecting previously unselected package libalgorithm-diff-perl.
Preparing to unpack .../182-libalgorithm-diff-perl_1.201-1_all.deb ...
Unpacking libalgorithm-diff-perl (1.201-1) ...
Selecting previously unselected package libalgorithm-diff-xs-perl:arm64.
Preparing to unpack .../183-libalgorithm-diff-xs-perl_0.04-8+b1_arm64.deb ...
Unpacking libalgorithm-diff-xs-perl:arm64 (0.04-8+b1) ...
Selecting previously unselected package libalgorithm-merge-perl.
Preparing to unpack .../184-libalgorithm-merge-perl_0.08-5_all.deb ...
Unpacking libalgorithm-merge-perl (0.08-5) ...
Selecting previously unselected package libaom3:arm64.
Preparing to unpack .../185-libaom3_3.6.0-1+deb12u3_arm64.deb ...
Unpacking libaom3:arm64 (3.6.0-1+deb12u3) ...
Selecting previously unselected package libauthen-sasl-perl.
Preparing to unpack .../186-libauthen-sasl-perl_2.1600-3_all.deb ...
Unpacking libauthen-sasl-perl (2.1600-3) ...
Selecting previously unselected package libdav1d6:arm64.
Preparing to unpack .../187-libdav1d6_1.0.0-2+deb12u1_arm64.deb ...
Unpacking libdav1d6:arm64 (1.0.0-2+deb12u1) ...
Selecting previously unselected package libgav1-1:arm64.
Preparing to unpack .../188-libgav1-1_0.18.0-1+b1_arm64.deb ...
Unpacking libgav1-1:arm64 (0.18.0-1+b1) ...
Selecting previously unselected package librav1e0:arm64.
Preparing to unpack .../189-librav1e0_0.5.1-6_arm64.deb ...
Unpacking librav1e0:arm64 (0.5.1-6) ...
Selecting previously unselected package libsvtav1enc1:arm64.
Preparing to unpack .../190-libsvtav1enc1_1.4.1+dfsg-1_arm64.deb ...
Unpacking libsvtav1enc1:arm64 (1.4.1+dfsg-1) ...
Selecting previously unselected package libjpeg62-turbo:arm64.
Preparing to unpack .../191-libjpeg62-turbo_1%3a2.1.5-2_arm64.deb ...
Unpacking libjpeg62-turbo:arm64 (1:2.1.5-2) ...
Selecting previously unselected package libyuv0:arm64.
Preparing to unpack .../192-libyuv0_0.0~git20230123.b2528b0-1_arm64.deb ...
Unpacking libyuv0:arm64 (0.0~git20230123.b2528b0-1) ...
Selecting previously unselected package libavif15:arm64.
Preparing to unpack .../193-libavif15_0.11.1-1+deb12u1_arm64.deb ...
Unpacking libavif15:arm64 (0.11.1-1+deb12u1) ...
Selecting previously unselected package libpng16-16:arm64.
Preparing to unpack .../194-libpng16-16_1.6.39-2+deb12u5_arm64.deb ...
Unpacking libpng16-16:arm64 (1.6.39-2+deb12u5) ...
Selecting previously unselected package libfreetype6:arm64.
Preparing to unpack .../195-libfreetype6_2.12.1+dfsg-5+deb12u4_arm64.deb ...
Unpacking libfreetype6:arm64 (2.12.1+dfsg-5+deb12u4) ...
Selecting previously unselected package libfontconfig1:arm64.
Preparing to unpack .../196-libfontconfig1_2.14.1-4_arm64.deb ...
Unpacking libfontconfig1:arm64 (2.14.1-4) ...
Selecting previously unselected package libde265-0:arm64.
Preparing to unpack .../197-libde265-0_1.0.11-1+deb12u3_arm64.deb ...
Unpacking libde265-0:arm64 (1.0.11-1+deb12u3) ...
Selecting previously unselected package libnuma1:arm64.
Preparing to unpack .../198-libnuma1_2.0.16-1_arm64.deb ...
Unpacking libnuma1:arm64 (2.0.16-1) ...
Selecting previously unselected package libx265-199:arm64.
Preparing to unpack .../199-libx265-199_3.5-2+b1_arm64.deb ...
Unpacking libx265-199:arm64 (3.5-2+b1) ...
Selecting previously unselected package libheif1:arm64.
Preparing to unpack .../200-libheif1_1.15.1-1+deb12u1_arm64.deb ...
Unpacking libheif1:arm64 (1.15.1-1+deb12u1) ...
Selecting previously unselected package libdeflate0:arm64.
Preparing to unpack .../201-libdeflate0_1.14-1_arm64.deb ...
Unpacking libdeflate0:arm64 (1.14-1) ...
Selecting previously unselected package libjbig0:arm64.
Preparing to unpack .../202-libjbig0_2.1-6.1_arm64.deb ...
Unpacking libjbig0:arm64 (2.1-6.1) ...
Selecting previously unselected package liblerc4:arm64.
Preparing to unpack .../203-liblerc4_4.0.0+ds-2_arm64.deb ...
Unpacking liblerc4:arm64 (4.0.0+ds-2) ...
Selecting previously unselected package libwebp7:arm64.
Preparing to unpack .../204-libwebp7_1.2.4-0.2+deb12u1_arm64.deb ...
Unpacking libwebp7:arm64 (1.2.4-0.2+deb12u1) ...
Selecting previously unselected package libtiff6:arm64.
Preparing to unpack .../205-libtiff6_4.5.0-6+deb12u4_arm64.deb ...
Unpacking libtiff6:arm64 (4.5.0-6+deb12u4) ...
Selecting previously unselected package libxau6:arm64.
Preparing to unpack .../206-libxau6_1%3a1.0.9-1_arm64.deb ...
Unpacking libxau6:arm64 (1:1.0.9-1) ...
Selecting previously unselected package libxdmcp6:arm64.
Preparing to unpack .../207-libxdmcp6_1%3a1.1.2-3_arm64.deb ...
Unpacking libxdmcp6:arm64 (1:1.1.2-3) ...
Selecting previously unselected package libxcb1:arm64.
Preparing to unpack .../208-libxcb1_1.15-1_arm64.deb ...
Unpacking libxcb1:arm64 (1.15-1) ...
Selecting previously unselected package libx11-data.
Preparing to unpack .../209-libx11-data_2%3a1.8.4-2+deb12u2_all.deb ...
Unpacking libx11-data (2:1.8.4-2+deb12u2) ...
Selecting previously unselected package libx11-6:arm64.
Preparing to unpack .../210-libx11-6_2%3a1.8.4-2+deb12u2_arm64.deb ...
Unpacking libx11-6:arm64 (2:1.8.4-2+deb12u2) ...
Selecting previously unselected package libxpm4:arm64.
Preparing to unpack .../211-libxpm4_1%3a3.5.12-1.1+deb12u1_arm64.deb ...
Unpacking libxpm4:arm64 (1:3.5.12-1.1+deb12u1) ...
Selecting previously unselected package libgd3:arm64.
Preparing to unpack .../212-libgd3_2.3.3-9+deb12u1_arm64.deb ...
Unpacking libgd3:arm64 (2.3.3-9+deb12u1) ...
Selecting previously unselected package libc-devtools.
Preparing to unpack .../213-libc-devtools_2.36-9+deb12u14_arm64.deb ...
Unpacking libc-devtools (2.36-9+deb12u14) ...
Selecting previously unselected package libclone-perl:arm64.
Preparing to unpack .../214-libclone-perl_0.46-1_arm64.deb ...
Unpacking libclone-perl:arm64 (0.46-1) ...
Selecting previously unselected package libdata-dump-perl.
Preparing to unpack .../215-libdata-dump-perl_1.25-1_all.deb ...
Unpacking libdata-dump-perl (1.25-1) ...
Selecting previously unselected package libdrm-common.
Preparing to unpack .../216-libdrm-common_2.4.114-1_all.deb ...
Unpacking libdrm-common (2.4.114-1) ...
Selecting previously unselected package libdrm2:arm64.
Preparing to unpack .../217-libdrm2_2.4.114-1+b1_arm64.deb ...
Unpacking libdrm2:arm64 (2.4.114-1+b1) ...
Selecting previously unselected package libdrm-amdgpu1:arm64.
Preparing to unpack .../218-libdrm-amdgpu1_2.4.114-1+b1_arm64.deb ...
Unpacking libdrm-amdgpu1:arm64 (2.4.114-1+b1) ...
Selecting previously unselected package libdrm-nouveau2:arm64.
Preparing to unpack .../219-libdrm-nouveau2_2.4.114-1+b1_arm64.deb ...
Unpacking libdrm-nouveau2:arm64 (2.4.114-1+b1) ...
Selecting previously unselected package libdrm-radeon1:arm64.
Preparing to unpack .../220-libdrm-radeon1_2.4.114-1+b1_arm64.deb ...
Unpacking libdrm-radeon1:arm64 (2.4.114-1+b1) ...
Selecting previously unselected package libwayland-server0:arm64.
Preparing to unpack .../221-libwayland-server0_1.21.0-1_arm64.deb ...
Unpacking libwayland-server0:arm64 (1.21.0-1) ...
Selecting previously unselected package libgbm1:arm64.
Preparing to unpack .../222-libgbm1_22.3.6-1+deb12u2_arm64.deb ...
Unpacking libgbm1:arm64 (22.3.6-1+deb12u2) ...
Selecting previously unselected package libglapi-mesa:arm64.
Preparing to unpack .../223-libglapi-mesa_22.3.6-1+deb12u2_arm64.deb ...
Unpacking libglapi-mesa:arm64 (22.3.6-1+deb12u2) ...
Selecting previously unselected package libwayland-client0:arm64.
Preparing to unpack .../224-libwayland-client0_1.21.0-1_arm64.deb ...
Unpacking libwayland-client0:arm64 (1.21.0-1) ...
Selecting previously unselected package libx11-xcb1:arm64.
Preparing to unpack .../225-libx11-xcb1_2%3a1.8.4-2+deb12u2_arm64.deb ...
Unpacking libx11-xcb1:arm64 (2:1.8.4-2+deb12u2) ...
Selecting previously unselected package libxcb-dri2-0:arm64.
Preparing to unpack .../226-libxcb-dri2-0_1.15-1_arm64.deb ...
Unpacking libxcb-dri2-0:arm64 (1.15-1) ...
Selecting previously unselected package libxcb-dri3-0:arm64.
Preparing to unpack .../227-libxcb-dri3-0_1.15-1_arm64.deb ...
Unpacking libxcb-dri3-0:arm64 (1.15-1) ...
Selecting previously unselected package libxcb-present0:arm64.
Preparing to unpack .../228-libxcb-present0_1.15-1_arm64.deb ...
Unpacking libxcb-present0:arm64 (1.15-1) ...
Selecting previously unselected package libxcb-randr0:arm64.
Preparing to unpack .../229-libxcb-randr0_1.15-1_arm64.deb ...
Unpacking libxcb-randr0:arm64 (1.15-1) ...
Selecting previously unselected package libxcb-sync1:arm64.
Preparing to unpack .../230-libxcb-sync1_1.15-1_arm64.deb ...
Unpacking libxcb-sync1:arm64 (1.15-1) ...
Selecting previously unselected package libxcb-xfixes0:arm64.
Preparing to unpack .../231-libxcb-xfixes0_1.15-1_arm64.deb ...
Unpacking libxcb-xfixes0:arm64 (1.15-1) ...
Selecting previously unselected package libxshmfence1:arm64.
Preparing to unpack .../232-libxshmfence1_1.3-1_arm64.deb ...
Unpacking libxshmfence1:arm64 (1.3-1) ...
Selecting previously unselected package libegl-mesa0:arm64.
Preparing to unpack .../233-libegl-mesa0_22.3.6-1+deb12u2_arm64.deb ...
Unpacking libegl-mesa0:arm64 (22.3.6-1+deb12u2) ...
Selecting previously unselected package libelf1:arm64.
Preparing to unpack .../234-libelf1_0.188-2.1_arm64.deb ...
Unpacking libelf1:arm64 (0.188-2.1) ...
Selecting previously unselected package libencode-locale-perl.
Preparing to unpack .../235-libencode-locale-perl_1.05-3_all.deb ...
Unpacking libencode-locale-perl (1.05-3) ...
Selecting previously unselected package libipc-system-simple-perl.
Preparing to unpack .../236-libipc-system-simple-perl_1.30-2_all.deb ...
Unpacking libipc-system-simple-perl (1.30-2) ...
Selecting previously unselected package libfile-basedir-perl.
Preparing to unpack .../237-libfile-basedir-perl_0.09-2_all.deb ...
Unpacking libfile-basedir-perl (0.09-2) ...
Selecting previously unselected package libregexp-ipv6-perl.
Preparing to unpack .../238-libregexp-ipv6-perl_0.03-3_all.deb ...
Unpacking libregexp-ipv6-perl (0.03-3) ...
Selecting previously unselected package liburi-perl.
Preparing to unpack .../239-liburi-perl_5.17-1_all.deb ...
Unpacking liburi-perl (5.17-1) ...
Selecting previously unselected package libfile-desktopentry-perl.
Preparing to unpack .../240-libfile-desktopentry-perl_0.22-3_all.deb ...
Unpacking libfile-desktopentry-perl (0.22-3) ...
Selecting previously unselected package libfile-fcntllock-perl.
Preparing to unpack .../241-libfile-fcntllock-perl_0.22-4+b1_arm64.deb ...
Unpacking libfile-fcntllock-perl (0.22-4+b1) ...
Selecting previously unselected package libtimedate-perl.
Preparing to unpack .../242-libtimedate-perl_2.3300-2_all.deb ...
Unpacking libtimedate-perl (2.3300-2) ...
Selecting previously unselected package libhttp-date-perl.
Preparing to unpack .../243-libhttp-date-perl_6.05-2_all.deb ...
Unpacking libhttp-date-perl (6.05-2) ...
Selecting previously unselected package libfile-listing-perl.
Preparing to unpack .../244-libfile-listing-perl_6.15-1_all.deb ...
Unpacking libfile-listing-perl (6.15-1) ...
Selecting previously unselected package libglib2.0-0:arm64.
Preparing to unpack .../245-libglib2.0-0_2.74.6-2+deb12u9_arm64.deb ...
Unpacking libglib2.0-0:arm64 (2.74.6-2+deb12u9) ...
Selecting previously unselected package libxml2:arm64.
Preparing to unpack .../246-libxml2_2.9.14+dfsg-1.3~deb12u6_arm64.deb ...
Unpacking libxml2:arm64 (2.9.14+dfsg-1.3~deb12u6) ...
Selecting previously unselected package shared-mime-info.
Preparing to unpack .../247-shared-mime-info_2.2-1_arm64.deb ...
Unpacking shared-mime-info (2.2-1) ...
Selecting previously unselected package libfile-mimeinfo-perl.
Preparing to unpack .../248-libfile-mimeinfo-perl_0.33-1_all.deb ...
Unpacking libfile-mimeinfo-perl (0.33-1) ...
Selecting previously unselected package libfont-afm-perl.
Preparing to unpack .../249-libfont-afm-perl_1.20-4_all.deb ...
Unpacking libfont-afm-perl (1.20-4) ...
Selecting previously unselected package libfontenc1:arm64.
Preparing to unpack .../250-libfontenc1_1%3a1.1.4-1_arm64.deb ...
Unpacking libfontenc1:arm64 (1:1.1.4-1) ...
Selecting previously unselected package libgdk-pixbuf2.0-common.
Preparing to unpack .../251-libgdk-pixbuf2.0-common_2.42.10+dfsg-1+deb12u4_all.deb ...
Unpacking libgdk-pixbuf2.0-common (2.42.10+dfsg-1+deb12u4) ...
Selecting previously unselected package libgdk-pixbuf-2.0-0:arm64.
Preparing to unpack .../252-libgdk-pixbuf-2.0-0_2.42.10+dfsg-1+deb12u4_arm64.deb ...
Unpacking libgdk-pixbuf-2.0-0:arm64 (2.42.10+dfsg-1+deb12u4) ...
Selecting previously unselected package libgdk-pixbuf2.0-bin.
Preparing to unpack .../253-libgdk-pixbuf2.0-bin_2.42.10+dfsg-1+deb12u4_arm64.deb ...
Unpacking libgdk-pixbuf2.0-bin (2.42.10+dfsg-1+deb12u4) ...
Selecting previously unselected package libglvnd0:arm64.
Preparing to unpack .../254-libglvnd0_1.6.0-1_arm64.deb ...
Unpacking libglvnd0:arm64 (1.6.0-1) ...
Selecting previously unselected package libxcb-glx0:arm64.
Preparing to unpack .../255-libxcb-glx0_1.15-1_arm64.deb ...
Unpacking libxcb-glx0:arm64 (1.15-1) ...
Selecting previously unselected package libxcb-shm0:arm64.
Preparing to unpack .../256-libxcb-shm0_1.15-1_arm64.deb ...
Unpacking libxcb-shm0:arm64 (1.15-1) ...
Selecting previously unselected package libxext6:arm64.
Preparing to unpack .../257-libxext6_2%3a1.3.4-1+b1_arm64.deb ...
Unpacking libxext6:arm64 (2:1.3.4-1+b1) ...
Selecting previously unselected package libxfixes3:arm64.
Preparing to unpack .../258-libxfixes3_1%3a6.0.0-2_arm64.deb ...
Unpacking libxfixes3:arm64 (1:6.0.0-2) ...
Selecting previously unselected package libxxf86vm1:arm64.
Preparing to unpack .../259-libxxf86vm1_1%3a1.1.4-1+b2_arm64.deb ...
Unpacking libxxf86vm1:arm64 (1:1.1.4-1+b2) ...
Selecting previously unselected package libz3-4:arm64.
Preparing to unpack .../260-libz3-4_4.8.12-3.1_arm64.deb ...
Unpacking libz3-4:arm64 (4.8.12-3.1) ...
Selecting previously unselected package libllvm15:arm64.
Preparing to unpack .../261-libllvm15_1%3a15.0.6-4+b1_arm64.deb ...
Unpacking libllvm15:arm64 (1:15.0.6-4+b1) ...
Selecting previously unselected package libsensors-config.
Preparing to unpack .../262-libsensors-config_1%3a3.6.0-7.1_all.deb ...
Unpacking libsensors-config (1:3.6.0-7.1) ...
Selecting previously unselected package libsensors5:arm64.
Preparing to unpack .../263-libsensors5_1%3a3.6.0-7.1_arm64.deb ...
Unpacking libsensors5:arm64 (1:3.6.0-7.1) ...
Selecting previously unselected package libgl1-mesa-dri:arm64.
Preparing to unpack .../264-libgl1-mesa-dri_22.3.6-1+deb12u2_arm64.deb ...
Unpacking libgl1-mesa-dri:arm64 (22.3.6-1+deb12u2) ...
Selecting previously unselected package libglx-mesa0:arm64.
Preparing to unpack .../265-libglx-mesa0_22.3.6-1+deb12u2_arm64.deb ...
Unpacking libglx-mesa0:arm64 (22.3.6-1+deb12u2) ...
Selecting previously unselected package libglx0:arm64.
Preparing to unpack .../266-libglx0_1.6.0-1_arm64.deb ...
Unpacking libglx0:arm64 (1.6.0-1) ...
Selecting previously unselected package libgl1:arm64.
Preparing to unpack .../267-libgl1_1.6.0-1_arm64.deb ...
Unpacking libgl1:arm64 (1.6.0-1) ...
Selecting previously unselected package libgles2:arm64.
Preparing to unpack .../268-libgles2_1.6.0-1_arm64.deb ...
Unpacking libgles2:arm64 (1.6.0-1) ...
Selecting previously unselected package libglib2.0-data.
Preparing to unpack .../269-libglib2.0-data_2.74.6-2+deb12u9_all.deb ...
Unpacking libglib2.0-data (2.74.6-2+deb12u9) ...
Selecting previously unselected package libhtml-tagset-perl.
Preparing to unpack .../270-libhtml-tagset-perl_3.20-6_all.deb ...
Unpacking libhtml-tagset-perl (3.20-6) ...
Selecting previously unselected package libhtml-parser-perl:arm64.
Preparing to unpack .../271-libhtml-parser-perl_3.81-1+deb12u1_arm64.deb ...
Unpacking libhtml-parser-perl:arm64 (3.81-1+deb12u1) ...
Selecting previously unselected package libio-html-perl.
Preparing to unpack .../272-libio-html-perl_1.004-3_all.deb ...
Unpacking libio-html-perl (1.004-3) ...
Selecting previously unselected package liblwp-mediatypes-perl.
Preparing to unpack .../273-liblwp-mediatypes-perl_6.04-2_all.deb ...
Unpacking liblwp-mediatypes-perl (6.04-2) ...
Selecting previously unselected package libhttp-message-perl.
Preparing to unpack .../274-libhttp-message-perl_6.44-1_all.deb ...
Unpacking libhttp-message-perl (6.44-1) ...
Selecting previously unselected package libhtml-form-perl.
Preparing to unpack .../275-libhtml-form-perl_6.11-1_all.deb ...
Unpacking libhtml-form-perl (6.11-1) ...
Selecting previously unselected package libhtml-tree-perl.
Preparing to unpack .../276-libhtml-tree-perl_5.07-3_all.deb ...
Unpacking libhtml-tree-perl (5.07-3) ...
Selecting previously unselected package libhtml-format-perl.
Preparing to unpack .../277-libhtml-format-perl_2.16-2_all.deb ...
Unpacking libhtml-format-perl (2.16-2) ...
Selecting previously unselected package libhttp-cookies-perl.
Preparing to unpack .../278-libhttp-cookies-perl_6.10-1_all.deb ...
Unpacking libhttp-cookies-perl (6.10-1) ...
Selecting previously unselected package libhttp-daemon-perl.
Preparing to unpack .../279-libhttp-daemon-perl_6.16-1+deb13u1~deb12u1_all.deb ...
Unpacking libhttp-daemon-perl (6.16-1+deb13u1~deb12u1) ...
Selecting previously unselected package libhttp-negotiate-perl.
Preparing to unpack .../280-libhttp-negotiate-perl_6.01-2_all.deb ...
Unpacking libhttp-negotiate-perl (6.01-2) ...
Selecting previously unselected package x11-common.
Preparing to unpack .../281-x11-common_1%3a7.7+23_all.deb ...
Unpacking x11-common (1:7.7+23) ...
Selecting previously unselected package libice6:arm64.
Preparing to unpack .../282-libice6_2%3a1.0.10-1_arm64.deb ...
Unpacking libice6:arm64 (2:1.0.10-1) ...
Selecting previously unselected package perl-openssl-defaults:arm64.
Preparing to unpack .../283-perl-openssl-defaults_7+b1_arm64.deb ...
Unpacking perl-openssl-defaults:arm64 (7+b1) ...
Selecting previously unselected package libnet-ssleay-perl:arm64.
Preparing to unpack .../284-libnet-ssleay-perl_1.92-2+b1_arm64.deb ...
Unpacking libnet-ssleay-perl:arm64 (1.92-2+b1) ...
Selecting previously unselected package libio-socket-ssl-perl.
Preparing to unpack .../285-libio-socket-ssl-perl_2.081-2_all.deb ...
Unpacking libio-socket-ssl-perl (2.081-2) ...
Selecting previously unselected package libio-stringy-perl.
Preparing to unpack .../286-libio-stringy-perl_2.111-3_all.deb ...
Unpacking libio-stringy-perl (2.111-3) ...
Selecting previously unselected package libjs-async.
Preparing to unpack .../287-libjs-async_0.8.0-6_all.deb ...
Unpacking libjs-async (0.8.0-6) ...
Selecting previously unselected package libjs-events.
Preparing to unpack .../288-libjs-events_3.3.0+~3.0.0-3_all.deb ...
Unpacking libjs-events (3.3.0+~3.0.0-3) ...
Selecting previously unselected package libjs-is-typedarray.
Preparing to unpack .../289-libjs-is-typedarray_1.0.0-4_all.deb ...
Unpacking libjs-is-typedarray (1.0.0-4) ...
Selecting previously unselected package libjs-prettify.
Preparing to unpack .../290-libjs-prettify_2015.12.04+dfsg-1.1_all.deb ...
Unpacking libjs-prettify (2015.12.04+dfsg-1.1) ...
Selecting previously unselected package libjs-sprintf-js.
Preparing to unpack .../291-libjs-sprintf-js_1.1.2+ds1+~1.1.2-1_all.deb ...
Unpacking libjs-sprintf-js (1.1.2+ds1+~1.1.2-1) ...
Selecting previously unselected package libjs-typedarray-to-buffer.
Preparing to unpack .../292-libjs-typedarray-to-buffer_4.0.0-2_all.deb ...
Unpacking libjs-typedarray-to-buffer (4.0.0-2) ...
Selecting previously unselected package node-lodash-packages.
Preparing to unpack .../293-node-lodash-packages_4.17.21+dfsg+~cs8.31.198.20210220-9_all.deb ...
Unpacking node-lodash-packages (4.17.21+dfsg+~cs8.31.198.20210220-9) ...
Selecting previously unselected package node-function-bind.
Preparing to unpack .../294-node-function-bind_1.1.1+repacked+~1.0.3-2_all.deb ...
Unpacking node-function-bind (1.1.1+repacked+~1.0.3-2) ...
Selecting previously unselected package node-object-inspect.
Preparing to unpack .../295-node-object-inspect_1.12.2+~cs1.8.1-1_all.deb ...
Unpacking node-object-inspect (1.12.2+~cs1.8.1-1) ...
Selecting previously unselected package node-es-abstract.
Preparing to unpack .../296-node-es-abstract_1.20.4+~cs26.27.47-1_all.deb ...
Unpacking node-es-abstract (1.20.4+~cs26.27.47-1) ...
Selecting previously unselected package node-resolve.
Preparing to unpack .../297-node-resolve_1.22.1+~cs5.31.10-1_all.deb ...
Unpacking node-resolve (1.22.1+~cs5.31.10-1) ...
Selecting previously unselected package node-define-properties.
Preparing to unpack .../298-node-define-properties_1.1.4+~1.1.3-1_all.deb ...
Unpacking node-define-properties (1.1.4+~1.1.3-1) ...
Selecting previously unselected package node-debbundle-es-to-primitive.
Preparing to unpack .../299-node-debbundle-es-to-primitive_1.2.1+~cs9.7.25-2_all.deb ...
Unpacking node-debbundle-es-to-primitive (1.2.1+~cs9.7.25-2) ...
Selecting previously unselected package node-defined.
Preparing to unpack .../300-node-defined_1.0.1+~1.0.0-1_all.deb ...
Unpacking node-defined (1.0.1+~1.0.0-1) ...
Selecting previously unselected package node-abbrev.
Preparing to unpack .../301-node-abbrev_1.1.1+~1.1.2-1_all.deb ...
Unpacking node-abbrev (1.1.1+~1.1.2-1) ...
Selecting previously unselected package node-archy.
Preparing to unpack .../302-node-archy_1.0.0-6_all.deb ...
Unpacking node-archy (1.0.0-6) ...
Selecting previously unselected package node-async.
Preparing to unpack .../303-node-async_0.8.0-6_all.deb ...
Unpacking node-async (0.8.0-6) ...
Selecting previously unselected package node-convert-source-map.
Preparing to unpack .../304-node-convert-source-map_1.9.0+~1.5.2-1_all.deb ...
Unpacking node-convert-source-map (1.9.0+~1.5.2-1) ...
Selecting previously unselected package node-decamelize.
Preparing to unpack .../305-node-decamelize_4.0.0-2_all.deb ...
Unpacking node-decamelize (4.0.0-2) ...
Selecting previously unselected package node-es6-error.
Preparing to unpack .../306-node-es6-error_4.1.1-5_all.deb ...
Unpacking node-es6-error (4.1.1-5) ...
Selecting previously unselected package node-esprima.
Preparing to unpack .../307-node-esprima_4.0.1+ds+~4.0.3-2_all.deb ...
Unpacking node-esprima (4.0.1+ds+~4.0.3-2) ...
Selecting previously unselected package node-escodegen.
Preparing to unpack .../308-node-escodegen_2.0.0+dfsg+~0.0.7-2_all.deb ...
Unpacking node-escodegen (2.0.0+dfsg+~0.0.7-2) ...
Selecting previously unselected package node-commondir.
Preparing to unpack .../309-node-commondir_1.0.1+~1.0.0-1_all.deb ...
Unpacking node-commondir (1.0.1+~1.0.0-1) ...
Selecting previously unselected package node-is-number.
Preparing to unpack .../310-node-is-number_7.0.0-4_all.deb ...
Unpacking node-is-number (7.0.0-4) ...
Selecting previously unselected package node-repeat-string.
Preparing to unpack .../311-node-repeat-string_1.6.1+repack-1_all.deb ...
Unpacking node-repeat-string (1.6.1+repack-1) ...
Selecting previously unselected package node-to-regex-range.
Preparing to unpack .../312-node-to-regex-range_5.0.1-4_all.deb ...
Unpacking node-to-regex-range (5.0.1-4) ...
Selecting previously unselected package node-fill-range.
Preparing to unpack .../313-node-fill-range_7.0.1+~7.0.0-1_all.deb ...
Unpacking node-fill-range (7.0.1+~7.0.0-1) ...
Selecting previously unselected package node-braces.
Preparing to unpack .../314-node-braces_3.0.2+~3.0.1-1_all.deb ...
Unpacking node-braces (3.0.2+~3.0.1-1) ...
Selecting previously unselected package node-normalize-path.
Preparing to unpack .../315-node-normalize-path_3.0.0+~3.0.0-1_all.deb ...
Unpacking node-normalize-path (3.0.0+~3.0.0-1) ...
Selecting previously unselected package node-anymatch.
Preparing to unpack .../316-node-anymatch_3.1.3+~cs4.6.1-2_all.deb ...
Unpacking node-anymatch (3.1.3+~cs4.6.1-2) ...
Selecting previously unselected package node-micromatch.
Preparing to unpack .../317-node-micromatch_4.0.5+~4.0.2-1_all.deb ...
Unpacking node-micromatch (4.0.5+~4.0.2-1) ...
Selecting previously unselected package node-pify.
Preparing to unpack .../318-node-pify_5.0.0+~cs5.0.1-1_all.deb ...
Unpacking node-pify (5.0.0+~cs5.0.1-1) ...
Selecting previously unselected package node-path-type.
Preparing to unpack .../319-node-path-type_4.0.0-3_all.deb ...
Unpacking node-path-type (4.0.0-3) ...
Selecting previously unselected package node-n3.
Preparing to unpack .../320-node-n3_1.16.3+~1.2.3+~1.10.4-1_all.deb ...
Unpacking node-n3 (1.16.3+~1.2.3+~1.10.4-1) ...
Selecting previously unselected package node-slash.
Preparing to unpack .../321-node-slash_4.0.0-3_all.deb ...
Unpacking node-slash (4.0.0-3) ...
Selecting previously unselected package node-globby.
Preparing to unpack .../322-node-globby_13.1.3+~cs16.25.40-1+deb12u1_all.deb ...
Unpacking node-globby (13.1.3+~cs16.25.40-1+deb12u1) ...
Selecting previously unselected package node-graceful-fs.
Preparing to unpack .../323-node-graceful-fs_4.2.10-1_all.deb ...
Unpacking node-graceful-fs (4.2.10-1) ...
Selecting previously unselected package node-is-path-cwd.
Preparing to unpack .../324-node-is-path-cwd_2.2.0-2_all.deb ...
Unpacking node-is-path-cwd (2.2.0-2) ...
Selecting previously unselected package node-path-is-inside.
Preparing to unpack .../325-node-path-is-inside_1.0.2+~1.0.0-1_all.deb ...
Unpacking node-path-is-inside (1.0.2+~1.0.0-1) ...
Selecting previously unselected package node-is-path-inside.
Preparing to unpack .../326-node-is-path-inside_3.0.3-2_all.deb ...
Unpacking node-is-path-inside (3.0.3-2) ...
Selecting previously unselected package node-escape-string-regexp.
Preparing to unpack .../327-node-escape-string-regexp_4.0.0-2_all.deb ...
Unpacking node-escape-string-regexp (4.0.0-2) ...
Selecting previously unselected package node-indent-string.
Preparing to unpack .../328-node-indent-string_4.0.0-2_all.deb ...
Unpacking node-indent-string (4.0.0-2) ...
Selecting previously unselected package node-p-map.
Preparing to unpack .../329-node-p-map_4.0.0+~3.1.0+~3.0.1-1_all.deb ...
Unpacking node-p-map (4.0.0+~3.1.0+~3.0.1-1) ...
Selecting previously unselected package node-del.
Preparing to unpack .../330-node-del_7.0.0-5_all.deb ...
Unpacking node-del (7.0.0-5) ...
Selecting previously unselected package node-make-dir.
Preparing to unpack .../331-node-make-dir_3.1.0-3_all.deb ...
Unpacking node-make-dir (3.1.0-3) ...
Selecting previously unselected package node-p-limit.
Preparing to unpack .../332-node-p-limit_4.0.0+~cs4.0.0-5_all.deb ...
Unpacking node-p-limit (4.0.0+~cs4.0.0-5) ...
Selecting previously unselected package node-p-locate.
Preparing to unpack .../333-node-p-locate_6.0.0-12_all.deb ...
Unpacking node-p-locate (6.0.0-12) ...
Selecting previously unselected package node-locate-path.
Preparing to unpack .../334-node-locate-path_7.1.1-2_all.deb ...
Unpacking node-locate-path (7.1.1-2) ...
Selecting previously unselected package node-path-exists.
Preparing to unpack .../335-node-path-exists_5.0.0-8_all.deb ...
Unpacking node-path-exists (5.0.0-8) ...
Selecting previously unselected package node-find-up.
Preparing to unpack .../336-node-find-up_6.3.0-7_all.deb ...
Unpacking node-find-up (6.3.0-7) ...
Selecting previously unselected package node-pkg-dir.
Preparing to unpack .../337-node-pkg-dir_5.0.0-2_all.deb ...
Unpacking node-pkg-dir (5.0.0-2) ...
Selecting previously unselected package node-find-cache-dir.
Preparing to unpack .../338-node-find-cache-dir_3.3.2+~3.2.1-1_all.deb ...
Unpacking node-find-cache-dir (3.3.2+~3.2.1-1) ...
Selecting previously unselected package node-signal-exit.
Preparing to unpack .../339-node-signal-exit_3.0.7+~3.0.1-1_all.deb ...
Unpacking node-signal-exit (3.0.7+~3.0.1-1) ...
Selecting previously unselected package node-foreground-child.
Preparing to unpack .../340-node-foreground-child_2.0.0-5_all.deb ...
Unpacking node-foreground-child (2.0.0-5) ...
Selecting previously unselected package node-is-stream.
Preparing to unpack .../341-node-is-stream_3.0.0-4_all.deb ...
Unpacking node-is-stream (3.0.0-4) ...
Selecting previously unselected package node-is-windows.
Preparing to unpack .../342-node-is-windows_1.0.2+~cs1.0.0-1_all.deb ...
Unpacking node-is-windows (1.0.2+~cs1.0.0-1) ...
Selecting previously unselected package node-sprintf-js.
Preparing to unpack .../343-node-sprintf-js_1.1.2+ds1+~1.1.2-1_all.deb ...
Unpacking node-sprintf-js (1.1.2+ds1+~1.1.2-1) ...
Selecting previously unselected package node-argparse.
Preparing to unpack .../344-node-argparse_2.0.1-2_all.deb ...
Unpacking node-argparse (2.0.1-2) ...
Selecting previously unselected package node-js-yaml.
Preparing to unpack .../345-node-js-yaml_4.1.0+dfsg+~4.0.5-7_all.deb ...
Unpacking node-js-yaml (4.1.0+dfsg+~4.0.5-7) ...
Selecting previously unselected package node-nopt.
Preparing to unpack .../346-node-nopt_5.0.0-4_all.deb ...
Unpacking node-nopt (5.0.0-4) ...
Selecting previously unselected package node-npm-run-path.
Preparing to unpack .../347-node-npm-run-path_5.1.0+~4.0.0-8_all.deb ...
Unpacking node-npm-run-path (5.1.0+~4.0.0-8) ...
Selecting previously unselected package node-shebang-regex.
Preparing to unpack .../348-node-shebang-regex_3.0.0-2_all.deb ...
Unpacking node-shebang-regex (3.0.0-2) ...
Selecting previously unselected package node-shebang-command.
Preparing to unpack .../349-node-shebang-command_2.0.0-1_all.deb ...
Unpacking node-shebang-command (2.0.0-1) ...
Selecting previously unselected package node-strip-bom.
Preparing to unpack .../350-node-strip-bom_4.0.0-2_all.deb ...
Unpacking node-strip-bom (4.0.0-2) ...
Selecting previously unselected package node-has-flag.
Preparing to unpack .../351-node-has-flag_4.0.0-3_all.deb ...
Unpacking node-has-flag (4.0.0-3) ...
Selecting previously unselected package node-supports-color.
Preparing to unpack .../352-node-supports-color_8.1.1+~8.1.1-1_all.deb ...
Unpacking node-supports-color (8.1.1+~8.1.1-1) ...
Selecting previously unselected package node-util.
Preparing to unpack .../353-node-util_0.12.5+~1.0.10-1_all.deb ...
Unpacking node-util (0.12.5+~1.0.10-1) ...
Selecting previously unselected package node-assert.
Preparing to unpack .../354-node-assert_2.0.0+~cs3.9.8-2_all.deb ...
Unpacking node-assert (2.0.0+~cs3.9.8-2) ...
Selecting previously unselected package node-ampproject-remapping.
Preparing to unpack .../355-node-ampproject-remapping_2.2.0+~cs5.15.37-1_all.deb ...
Unpacking node-ampproject-remapping (2.2.0+~cs5.15.37-1) ...
Selecting previously unselected package node-babel-plugin-add-module-exports.
Preparing to unpack .../356-node-babel-plugin-add-module-exports_1.0.4+dfsg1~cs5.8.0-4_all.deb ...
Unpacking node-babel-plugin-add-module-exports (1.0.4+dfsg1~cs5.8.0-4) ...
Selecting previously unselected package node-regenerator-runtime.
Preparing to unpack .../357-node-regenerator-runtime_0.15.1+~0.10.8-1_all.deb ...
Unpacking node-regenerator-runtime (0.15.1+~0.10.8-1) ...
Selecting previously unselected package node-babel7-runtime.
Preparing to unpack .../358-node-babel7-runtime_7.20.15+ds1+~cs214.269.168-3+deb12u2_all.deb ...
Unpacking node-babel7-runtime (7.20.15+ds1+~cs214.269.168-3+deb12u2) ...
Selecting previously unselected package node-babel-helper-define-polyfill-provider.
Preparing to unpack .../359-node-babel-helper-define-polyfill-provider_0.3.3~0~20220913+ds1-1_all.deb ...
Unpacking node-babel-helper-define-polyfill-provider (0.3.3~0~20220913+ds1-1) ...
Selecting previously unselected package node-babel-plugin-polyfill-corejs2.
Preparing to unpack .../360-node-babel-plugin-polyfill-corejs2_0.3.3~0~20220913+ds1-1_all.deb ...
Unpacking node-babel-plugin-polyfill-corejs2 (0.3.3~0~20220913+ds1-1) ...
Selecting previously unselected package node-caniuse-lite.
Preparing to unpack .../361-node-caniuse-lite_1.0.30001436+dfsg+~1.0.1-1_all.deb ...
Unpacking node-caniuse-lite (1.0.30001436+dfsg+~1.0.1-1) ...
Selecting previously unselected package node-electron-to-chromium.
Preparing to unpack .../362-node-electron-to-chromium_1.4.284-1_all.deb ...
Unpacking node-electron-to-chromium (1.4.284-1) ...
Selecting previously unselected package node-picocolors.
Preparing to unpack .../363-node-picocolors_1.0.0-4_all.deb ...
Unpacking node-picocolors (1.0.0-4) ...
Selecting previously unselected package node-browserslist.
Preparing to unpack .../364-node-browserslist_4.21.4+~cs6.1.17-2_all.deb ...
Unpacking node-browserslist (4.21.4+~cs6.1.17-2) ...
Selecting previously unselected package node-core-js-compat.
Preparing to unpack .../365-node-core-js-compat_3.26.1-3_all.deb ...
Unpacking node-core-js-compat (3.26.1-3) ...
Selecting previously unselected package node-babel-plugin-polyfill-corejs3.
Preparing to unpack .../366-node-babel-plugin-polyfill-corejs3_0.6.0~0~20220913+ds1-1_all.deb ...
Unpacking node-babel-plugin-polyfill-corejs3 (0.6.0~0~20220913+ds1-1) ...
Selecting previously unselected package node-babel-plugin-polyfill-regenerator.
Preparing to unpack .../367-node-babel-plugin-polyfill-regenerator_0.4.1~0~20220913+ds1-1_all.deb ...
Unpacking node-babel-plugin-polyfill-regenerator (0.4.1~0~20220913+ds1-1) ...
Selecting previously unselected package node-color-name.
Preparing to unpack .../368-node-color-name_1.1.4+~1.1.1-2_all.deb ...
Unpacking node-color-name (1.1.4+~1.1.1-2) ...
Selecting previously unselected package node-color-convert.
Preparing to unpack .../369-node-color-convert_2.0.1+~cs2.0.0-2_all.deb ...
Unpacking node-color-convert (2.0.1+~cs2.0.0-2) ...
Selecting previously unselected package node-ansi-styles.
Preparing to unpack .../370-node-ansi-styles_6.2.1-2_all.deb ...
Unpacking node-ansi-styles (6.2.1-2) ...
Selecting previously unselected package node-chalk.
Preparing to unpack .../371-node-chalk_5.2.0-1_all.deb ...
Unpacking node-chalk (5.2.0-1) ...
Selecting previously unselected package node-for-in.
Preparing to unpack .../372-node-for-in_1.0.2-4_all.deb ...
Unpacking node-for-in (1.0.2-4) ...
Selecting previously unselected package node-for-own.
Preparing to unpack .../373-node-for-own_1.0.0-3_all.deb ...
Unpacking node-for-own (1.0.0-3) ...
Selecting previously unselected package node-is-plain-object.
Preparing to unpack .../374-node-is-plain-object_5.0.0-7_all.deb ...
Unpacking node-is-plain-object (5.0.0-7) ...
Selecting previously unselected package node-is-extendable.
Preparing to unpack .../375-node-is-extendable_1.0.1-3_all.deb ...
Unpacking node-is-extendable (1.0.1-3) ...
Selecting previously unselected package node-clone-deep.
Preparing to unpack .../376-node-clone-deep_4.0.1+~cs7.0.2-1_all.deb ...
Unpacking node-clone-deep (4.0.1+~cs7.0.2-1) ...
Selecting previously unselected package node-commander.
Preparing to unpack .../377-node-commander_9.4.1-1_all.deb ...
Unpacking node-commander (9.4.1-1) ...
Selecting previously unselected package node-core-js.
Preparing to unpack .../378-node-core-js_3.26.1-3_all.deb ...
Unpacking node-core-js (3.26.1-3) ...
Selecting previously unselected package node-core-js-pure.
Preparing to unpack .../379-node-core-js-pure_3.26.1-3_all.deb ...
Unpacking node-core-js-pure (3.26.1-3) ...
Selecting previously unselected package node-fs-readdir-recursive.
Preparing to unpack .../380-node-fs-readdir-recursive_1.1.0+~1.1.0-1_all.deb ...
Unpacking node-fs-readdir-recursive (1.1.0+~1.1.0-1) ...
Selecting previously unselected package node-js-tokens.
Preparing to unpack .../381-node-js-tokens_8.0.0-2_all.deb ...
Unpacking node-js-tokens (8.0.0-2) ...
Selecting previously unselected package node-jsesc.
Preparing to unpack .../382-node-jsesc_3.0.2+~3.0.1-1_all.deb ...
Unpacking node-jsesc (3.0.2+~3.0.1-1) ...
Selecting previously unselected package node-json5.
Preparing to unpack .../383-node-json5_2.2.3+dfsg-1_all.deb ...
Unpacking node-json5 (2.2.3+dfsg-1) ...
Selecting previously unselected package node-quick-lru.
Preparing to unpack .../384-node-quick-lru_6.1.1-4_all.deb ...
Unpacking node-quick-lru (6.1.1-4) ...
Selecting previously unselected package node-regenerator-transform.
Preparing to unpack .../385-node-regenerator-transform_0.15.1+~0.10.8-1_all.deb ...
Unpacking node-regenerator-transform (0.15.1+~0.10.8-1) ...
Selecting previously unselected package node-regjsgen.
Preparing to unpack .../386-node-regjsgen_0.7.1+ds-1_all.deb ...
Unpacking node-regjsgen (0.7.1+ds-1) ...
Selecting previously unselected package node-regjsparser.
Preparing to unpack .../387-node-regjsparser_0.9.1+ds-2_all.deb ...
Unpacking node-regjsparser (0.9.1+ds-2) ...
Selecting previously unselected package node-unicode-canonical-property-names-ecmascript.
Preparing to unpack .../388-node-unicode-canonical-property-names-ecmascript_2.0.0-2_all.deb ...
Unpacking node-unicode-canonical-property-names-ecmascript (2.0.0-2) ...
Selecting previously unselected package node-unicode-property-aliases-ecmascript.
Preparing to unpack .../389-node-unicode-property-aliases-ecmascript_2.1.0+ds-1_all.deb ...
Unpacking node-unicode-property-aliases-ecmascript (2.1.0+ds-1) ...
Selecting previously unselected package node-unicode-match-property-ecmascript.
Preparing to unpack .../390-node-unicode-match-property-ecmascript_2.0.0-2_all.deb ...
Unpacking node-unicode-match-property-ecmascript (2.0.0-2) ...
Selecting previously unselected package node-unicode-match-property-value-ecmascript.
Preparing to unpack .../391-node-unicode-match-property-value-ecmascript_2.1.0+ds-1_all.deb ...
Unpacking node-unicode-match-property-value-ecmascript (2.1.0+ds-1) ...
Selecting previously unselected package node-regexpu-core.
Preparing to unpack .../392-node-regexpu-core_5.2.2-3_all.deb ...
Unpacking node-regexpu-core (5.2.2-3) ...
Selecting previously unselected package node-source-map-support.
Preparing to unpack .../393-node-source-map-support_0.5.21+ds+~0.5.4-1_all.deb ...
Unpacking node-source-map-support (0.5.21+ds+~0.5.4-1) ...
Selecting previously unselected package node-to-fast-properties.
Preparing to unpack .../394-node-to-fast-properties_3.0.1-3_all.deb ...
Unpacking node-to-fast-properties (3.0.1-3) ...
Selecting previously unselected package node-v8flags.
Preparing to unpack .../395-node-v8flags_3.2.0+~3.1.1-1_all.deb ...
Unpacking node-v8flags (3.2.0+~3.1.1-1) ...
Selecting previously unselected package node-babel7.
Preparing to unpack .../396-node-babel7_7.20.15+ds1+~cs214.269.168-3+deb12u2_all.deb ...
Unpacking node-babel7 (7.20.15+ds1+~cs214.269.168-3+deb12u2) ...
Selecting previously unselected package node-is-arrayish.
Preparing to unpack .../397-node-is-arrayish_0.3.2-3_all.deb ...
Unpacking node-is-arrayish (0.3.2-3) ...
Selecting previously unselected package node-error-ex.
Preparing to unpack .../398-node-error-ex_1.3.2-4_all.deb ...
Unpacking node-error-ex (1.3.2-4) ...
Selecting previously unselected package node-json-parse-better-errors.
Preparing to unpack .../399-node-json-parse-better-errors_1.0.2+~cs3.3.1-2_all.deb ...
Unpacking node-json-parse-better-errors (1.0.2+~cs3.3.1-2) ...
Selecting previously unselected package node-parse-json.
Preparing to unpack .../400-node-parse-json_5.2.0+~cs5.1.7-1_all.deb ...
Unpacking node-parse-json (5.2.0+~cs5.1.7-1) ...
Selecting previously unselected package node-hosted-git-info.
Preparing to unpack .../401-node-hosted-git-info_6.1.1-2_all.deb ...
Unpacking node-hosted-git-info (6.1.1-2) ...
Selecting previously unselected package node-spdx-license-ids.
Preparing to unpack .../402-node-spdx-license-ids_3.0.12-1_all.deb ...
Unpacking node-spdx-license-ids (3.0.12-1) ...
Selecting previously unselected package node-spdx-exceptions.
Preparing to unpack .../403-node-spdx-exceptions_2.3.0-2_all.deb ...
Unpacking node-spdx-exceptions (2.3.0-2) ...
Selecting previously unselected package node-spdx-expression-parse.
Preparing to unpack .../404-node-spdx-expression-parse_3.0.1+~3.0.1-1_all.deb ...
Unpacking node-spdx-expression-parse (3.0.1+~3.0.1-1) ...
Selecting previously unselected package node-spdx-correct.
Preparing to unpack .../405-node-spdx-correct_3.1.1-2_all.deb ...
Unpacking node-spdx-correct (3.1.1-2) ...
Selecting previously unselected package node-validate-npm-package-license.
Preparing to unpack .../406-node-validate-npm-package-license_3.0.4-2_all.deb ...
Unpacking node-validate-npm-package-license (3.0.4-2) ...
Selecting previously unselected package node-normalize-package-data.
Preparing to unpack .../407-node-normalize-package-data_4.0.1+~2.4.1-1_all.deb ...
Unpacking node-normalize-package-data (4.0.1+~2.4.1-1) ...
Selecting previously unselected package node-read-pkg.
Preparing to unpack .../408-node-read-pkg_5.2.0-2_all.deb ...
Unpacking node-read-pkg (5.2.0-2) ...
Selecting previously unselected package node-uuid.
Preparing to unpack .../409-node-uuid_8.3.2+~8.3.3-3_all.deb ...
Unpacking node-uuid (8.3.2+~8.3.3-3) ...
Selecting previously unselected package node-isexe.
Preparing to unpack .../410-node-isexe_2.0.0+~2.0.1-5_all.deb ...
Unpacking node-isexe (2.0.0+~2.0.1-5) ...
Selecting previously unselected package node-which.
Preparing to unpack .../411-node-which_2.0.2+~cs1.3.2-3_all.deb ...
Unpacking node-which (2.0.2+~cs1.3.2-3) ...
Selecting previously unselected package node-is-typedarray.
Preparing to unpack .../412-node-is-typedarray_1.0.0-4_all.deb ...
Unpacking node-is-typedarray (1.0.0-4) ...
Selecting previously unselected package node-typedarray-to-buffer.
Preparing to unpack .../413-node-typedarray-to-buffer_4.0.0-2_all.deb ...
Unpacking node-typedarray-to-buffer (4.0.0-2) ...
Selecting previously unselected package node-write-file-atomic.
Preparing to unpack .../414-node-write-file-atomic_4.0.2+~4.0.0-1_all.deb ...
Unpacking node-write-file-atomic (4.0.2+~4.0.0-1) ...
Selecting previously unselected package node-slice-ansi.
Preparing to unpack .../415-node-slice-ansi_5.0.0+~cs9.0.0-5_all.deb ...
Unpacking node-slice-ansi (5.0.0+~cs9.0.0-5) ...
Selecting previously unselected package node-ansi-regex.
Preparing to unpack .../416-node-ansi-regex_5.0.1-1_all.deb ...
Unpacking node-ansi-regex (5.0.1-1) ...
Selecting previously unselected package node-strip-ansi.
Preparing to unpack .../417-node-strip-ansi_6.0.1-2_all.deb ...
Unpacking node-strip-ansi (6.0.1-2) ...
Selecting previously unselected package node-clone.
Preparing to unpack .../418-node-clone_2.1.2-4_all.deb ...
Unpacking node-clone (2.1.2-4) ...
Selecting previously unselected package node-defaults.
Preparing to unpack .../419-node-defaults_1.0.4+~1.0.3-1_all.deb ...
Unpacking node-defaults (1.0.4+~1.0.3-1) ...
Selecting previously unselected package node-wcwidth.js.
Preparing to unpack .../420-node-wcwidth.js_1.0.2-2_all.deb ...
Unpacking node-wcwidth.js (1.0.2-2) ...
Selecting previously unselected package node-string-width.
Preparing to unpack .../421-node-string-width_4.2.3+~cs13.2.3-1_all.deb ...
Unpacking node-string-width (4.2.3+~cs13.2.3-1) ...
Selecting previously unselected package node-wrap-ansi.
Preparing to unpack .../422-node-wrap-ansi_8.0.1+~8.0.1-3_all.deb ...
Unpacking node-wrap-ansi (8.0.1+~8.0.1-3) ...
Selecting previously unselected package node-cliui.
Preparing to unpack .../423-node-cliui_7.0.4+repack+~cs3.1.0-4_all.deb ...
Unpacking node-cliui (7.0.4+repack+~cs3.1.0-4) ...
Selecting previously unselected package node-get-caller-file.
Preparing to unpack .../424-node-get-caller-file_2.0.5+~cs1.1.1-4_all.deb ...
Unpacking node-get-caller-file (2.0.5+~cs1.1.1-4) ...
Selecting previously unselected package node-require-directory.
Preparing to unpack .../425-node-require-directory_2.1.1+~2.1.2-1_all.deb ...
Unpacking node-require-directory (2.1.1+~2.1.2-1) ...
Selecting previously unselected package node-y18n.
Preparing to unpack .../426-node-y18n_5.0.8+~5.0.0-3_all.deb ...
Unpacking node-y18n (5.0.8+~5.0.0-3) ...
Selecting previously unselected package node-camelcase.
Preparing to unpack .../427-node-camelcase_7.0.0-3_all.deb ...
Unpacking node-camelcase (7.0.0-3) ...
Selecting previously unselected package node-yargs-parser.
Preparing to unpack .../428-node-yargs-parser_21.1.1+~21.0.0-4_all.deb ...
Unpacking node-yargs-parser (21.1.1+~21.0.0-4) ...
Selecting previously unselected package node-yargs.
Preparing to unpack .../429-node-yargs_16.2.0+~16.0.4-7_all.deb ...
Unpacking node-yargs (16.2.0+~16.0.4-7) ...
Selecting previously unselected package node-istanbul.
Preparing to unpack .../430-node-istanbul_0.4.5+repack10+~cs97.25.57-3_all.deb ...
Unpacking node-istanbul (0.4.5+repack10+~cs97.25.57-3) ...
Selecting previously unselected package node-through.
Preparing to unpack .../431-node-through_2.3.8+~cs0.0.30-1_all.deb ...
Unpacking node-through (2.3.8+~cs0.0.30-1) ...
Selecting previously unselected package node-resumer.
Preparing to unpack .../432-node-resumer_0.0.0-6_all.deb ...
Unpacking node-resumer (0.0.0-6) ...
Selecting previously unselected package node-tape.
Preparing to unpack .../433-node-tape_5.6.1+~cs8.20.19-1_all.deb ...
Unpacking node-tape (5.6.1+~cs8.20.19-1) ...
Selecting previously unselected package node-deep-equal.
Preparing to unpack .../434-node-deep-equal_2.1.0+~cs31.12.80-1_all.deb ...
Unpacking node-deep-equal (2.1.0+~cs31.12.80-1) ...
Selecting previously unselected package libjs-util.
Preparing to unpack .../435-libjs-util_0.12.5+~1.0.10-1_all.deb ...
Unpacking libjs-util (0.12.5+~1.0.10-1) ...
Selecting previously unselected package libldap-common.
Preparing to unpack .../436-libldap-common_2.5.13+dfsg-5_all.deb ...
Unpacking libldap-common (2.5.13+dfsg-5) ...
Selecting previously unselected package libnet-http-perl.
Preparing to unpack .../437-libnet-http-perl_6.22-1_all.deb ...
Unpacking libnet-http-perl (6.22-1) ...
Selecting previously unselected package libtry-tiny-perl.
Preparing to unpack .../438-libtry-tiny-perl_0.31-2_all.deb ...
Unpacking libtry-tiny-perl (0.31-2) ...
Selecting previously unselected package libwww-robotrules-perl.
Preparing to unpack .../439-libwww-robotrules-perl_6.02-1_all.deb ...
Unpacking libwww-robotrules-perl (6.02-1) ...
Selecting previously unselected package libwww-perl.
Preparing to unpack .../440-libwww-perl_6.68-1_all.deb ...
Unpacking libwww-perl (6.68-1) ...
Selecting previously unselected package liblwp-protocol-https-perl.
Preparing to unpack .../441-liblwp-protocol-https-perl_6.10-1_all.deb ...
Unpacking liblwp-protocol-https-perl (6.10-1) ...
Selecting previously unselected package libnet-smtp-ssl-perl.
Preparing to unpack .../442-libnet-smtp-ssl-perl_1.04-2_all.deb ...
Unpacking libnet-smtp-ssl-perl (1.04-2) ...
Selecting previously unselected package libmailtools-perl.
Preparing to unpack .../443-libmailtools-perl_2.21-2_all.deb ...
Unpacking libmailtools-perl (2.21-2) ...
Selecting previously unselected package libxml-parser-perl.
Preparing to unpack .../444-libxml-parser-perl_2.46-4+deb12u1_arm64.deb ...
Unpacking libxml-parser-perl (2.46-4+deb12u1) ...
Selecting previously unselected package libxml-twig-perl.
Preparing to unpack .../445-libxml-twig-perl_1%3a3.52-2_all.deb ...
Unpacking libxml-twig-perl (1:3.52-2) ...
Selecting previously unselected package libnet-dbus-perl.
Preparing to unpack .../446-libnet-dbus-perl_1.2.0-2_arm64.deb ...
Unpacking libnet-dbus-perl (1.2.0-2) ...
Selecting previously unselected package libssl-dev:arm64.
Preparing to unpack .../447-libssl-dev_3.0.22-1~deb12u1_arm64.deb ...
Unpacking libssl-dev:arm64 (3.0.22-1~deb12u1) ...
Selecting previously unselected package libuv1-dev:arm64.
Preparing to unpack .../448-libuv1-dev_1.44.2-1+deb12u1_arm64.deb ...
Unpacking libuv1-dev:arm64 (1.44.2-1+deb12u1) ...
Selecting previously unselected package libnode-dev.
Preparing to unpack .../449-libnode-dev_18.20.4+dfsg-1~deb12u3_arm64.deb ...
Unpacking libnode-dev (18.20.4+dfsg-1~deb12u3) ...
Selecting previously unselected package libnotify4:arm64.
Preparing to unpack .../450-libnotify4_0.8.1-1_arm64.deb ...
Unpacking libnotify4:arm64 (0.8.1-1) ...
Selecting previously unselected package libnotify-bin.
Preparing to unpack .../451-libnotify-bin_0.8.1-1_arm64.deb ...
Unpacking libnotify-bin (0.8.1-1) ...
Selecting previously unselected package libsasl2-modules:arm64.
Preparing to unpack .../452-libsasl2-modules_2.1.28+dfsg-10_arm64.deb ...
Unpacking libsasl2-modules:arm64 (2.1.28+dfsg-10) ...
Selecting previously unselected package libsm6:arm64.
Preparing to unpack .../453-libsm6_2%3a1.2.3-1_arm64.deb ...
Unpacking libsm6:arm64 (2:1.2.3-1) ...
Selecting previously unselected package libtext-iconv-perl:arm64.
Preparing to unpack .../454-libtext-iconv-perl_1.7-8_arm64.deb ...
Unpacking libtext-iconv-perl:arm64 (1.7-8) ...
Selecting previously unselected package libtie-ixhash-perl.
Preparing to unpack .../455-libtie-ixhash-perl_1.23-4_all.deb ...
Unpacking libtie-ixhash-perl (1.23-4) ...
Selecting previously unselected package libx11-protocol-perl.
Preparing to unpack .../456-libx11-protocol-perl_0.56-9_all.deb ...
Unpacking libx11-protocol-perl (0.56-9) ...
Selecting previously unselected package libxt6:arm64.
Preparing to unpack .../457-libxt6_1%3a1.2.1-1.1_arm64.deb ...
Unpacking libxt6:arm64 (1:1.2.1-1.1) ...
Selecting previously unselected package libxmu6:arm64.
Preparing to unpack .../458-libxmu6_2%3a1.1.3-3_arm64.deb ...
Unpacking libxmu6:arm64 (2:1.1.3-3) ...
Selecting previously unselected package libxaw7:arm64.
Preparing to unpack .../459-libxaw7_2%3a1.0.14-1_arm64.deb ...
Unpacking libxaw7:arm64 (2:1.0.14-1) ...
Selecting previously unselected package libxcb-shape0:arm64.
Preparing to unpack .../460-libxcb-shape0_1.15-1_arm64.deb ...
Unpacking libxcb-shape0:arm64 (1.15-1) ...
Selecting previously unselected package libxcomposite1:arm64.
Preparing to unpack .../461-libxcomposite1_1%3a0.4.5-1_arm64.deb ...
Unpacking libxcomposite1:arm64 (1:0.4.5-1) ...
Selecting previously unselected package libxrender1:arm64.
Preparing to unpack .../462-libxrender1_1%3a0.9.10-1.1_arm64.deb ...
Unpacking libxrender1:arm64 (1:0.9.10-1.1) ...
Selecting previously unselected package libxcursor1:arm64.
Preparing to unpack .../463-libxcursor1_1%3a1.2.1-1_arm64.deb ...
Unpacking libxcursor1:arm64 (1:1.2.1-1) ...
Selecting previously unselected package libxft2:arm64.
Preparing to unpack .../464-libxft2_2.3.6-1_arm64.deb ...
Unpacking libxft2:arm64 (2.3.6-1) ...
Selecting previously unselected package libxi6:arm64.
Preparing to unpack .../465-libxi6_2%3a1.8-1+b1_arm64.deb ...
Unpacking libxi6:arm64 (2:1.8-1+b1) ...
Selecting previously unselected package libxinerama1:arm64.
Preparing to unpack .../466-libxinerama1_2%3a1.1.4-3_arm64.deb ...
Unpacking libxinerama1:arm64 (2:1.1.4-3) ...
Selecting previously unselected package libxkbfile1:arm64.
Preparing to unpack .../467-libxkbfile1_1%3a1.1.0-1_arm64.deb ...
Unpacking libxkbfile1:arm64 (1:1.1.0-1) ...
Selecting previously unselected package libxml-xpathengine-perl.
Preparing to unpack .../468-libxml-xpathengine-perl_0.14-2_all.deb ...
Unpacking libxml-xpathengine-perl (0.14-2) ...
Selecting previously unselected package libxmuu1:arm64.
Preparing to unpack .../469-libxmuu1_2%3a1.1.3-3_arm64.deb ...
Unpacking libxmuu1:arm64 (2:1.1.3-3) ...
Selecting previously unselected package libxrandr2:arm64.
Preparing to unpack .../470-libxrandr2_2%3a1.5.2-2+b1_arm64.deb ...
Unpacking libxrandr2:arm64 (2:1.5.2-2+b1) ...
Selecting previously unselected package libxtst6:arm64.
Preparing to unpack .../471-libxtst6_2%3a1.2.3-1.1_arm64.deb ...
Unpacking libxtst6:arm64 (2:1.2.3-1.1) ...
Selecting previously unselected package libxv1:arm64.
Preparing to unpack .../472-libxv1_2%3a1.0.11-1.1_arm64.deb ...
Unpacking libxv1:arm64 (2:1.0.11-1.1) ...
Selecting previously unselected package libxxf86dga1:arm64.
Preparing to unpack .../473-libxxf86dga1_2%3a1.1.5-1_arm64.deb ...
Unpacking libxxf86dga1:arm64 (2:1.1.5-1) ...
Selecting previously unselected package manpages-dev.
Preparing to unpack .../474-manpages-dev_6.03-2_all.deb ...
Unpacking manpages-dev (6.03-2) ...
Selecting previously unselected package node-agent-base.
Preparing to unpack .../475-node-agent-base_6.0.2+~cs5.4.2-2_all.deb ...
Unpacking node-agent-base (6.0.2+~cs5.4.2-2) ...
Selecting previously unselected package node-ajv-keywords.
Preparing to unpack .../476-node-ajv-keywords_3.5.2-2_all.deb ...
Unpacking node-ajv-keywords (3.5.2-2) ...
Selecting previously unselected package node-ansi-escapes.
Preparing to unpack .../477-node-ansi-escapes_5.0.0+really.4.3.1-1_all.deb ...
Unpacking node-ansi-escapes (5.0.0+really.4.3.1-1) ...
Selecting previously unselected package node-aproba.
Preparing to unpack .../478-node-aproba_2.0.0-3_all.deb ...
Unpacking node-aproba (2.0.0-3) ...
Selecting previously unselected package node-delegates.
Preparing to unpack .../479-node-delegates_1.0.0-3_all.deb ...
Unpacking node-delegates (1.0.0-3) ...
Selecting previously unselected package node-are-we-there-yet.
Preparing to unpack .../480-node-are-we-there-yet_3.0.1+~1.1.0-1_all.deb ...
Unpacking node-are-we-there-yet (3.0.1+~1.1.0-1) ...
Selecting previously unselected package node-async-each.
Preparing to unpack .../481-node-async-each_1.0.3-3_all.deb ...
Unpacking node-async-each (1.0.3-3) ...
Selecting previously unselected package node-auto-bind.
Preparing to unpack .../482-node-auto-bind_4.0.0-2_all.deb ...
Unpacking node-auto-bind (4.0.0-2) ...
Selecting previously unselected package node-babel-plugin-lodash.
Preparing to unpack .../483-node-babel-plugin-lodash_3.3.4+~cs2.0.1-6_all.deb ...
Unpacking node-babel-plugin-lodash (3.3.4+~cs2.0.1-6) ...
Selecting previously unselected package node-isobject.
Preparing to unpack .../484-node-isobject_4.0.0-2_all.deb ...
Unpacking node-isobject (4.0.0-2) ...
Selecting previously unselected package node-object-visit.
Preparing to unpack .../485-node-object-visit_1.0.1-5_all.deb ...
Unpacking node-object-visit (1.0.1-5) ...
Selecting previously unselected package node-map-visit.
Preparing to unpack .../486-node-map-visit_1.0.0-4_all.deb ...
Unpacking node-map-visit (1.0.0-4) ...
Selecting previously unselected package node-collection-visit.
Preparing to unpack .../487-node-collection-visit_1.0.0-4_all.deb ...
Unpacking node-collection-visit (1.0.0-4) ...
Selecting previously unselected package node-get-value.
Preparing to unpack .../488-node-get-value_1%3a3.0.1-4_all.deb ...
Unpacking node-get-value (1:3.0.1-4) ...
Selecting previously unselected package node-sellside-emitter.
Preparing to unpack .../489-node-sellside-emitter_1.2.1-3_all.deb ...
Unpacking node-sellside-emitter (1.2.1-3) ...
Selecting previously unselected package node-is-primitive.
Preparing to unpack .../490-node-is-primitive_3.0.1-3_all.deb ...
Unpacking node-is-primitive (3.0.1-3) ...
Selecting previously unselected package node-set-value.
Preparing to unpack .../491-node-set-value_4.1.0+~4.0.1-2_all.deb ...
Unpacking node-set-value (4.1.0+~4.0.1-2) ...
Selecting previously unselected package node-union-value.
Preparing to unpack .../492-node-union-value_2.0.1-4_all.deb ...
Unpacking node-union-value (2.0.1-4) ...
Selecting previously unselected package node-has-values.
Preparing to unpack .../493-node-has-values_2.0.1-4_all.deb ...
Unpacking node-has-values (2.0.1-4) ...
Selecting previously unselected package node-has-value.
Preparing to unpack .../494-node-has-value_2.0.2-4_all.deb ...
Unpacking node-has-value (2.0.2-4) ...
Selecting previously unselected package node-unset-value.
Preparing to unpack .../495-node-unset-value_2.0.1-1_all.deb ...
Unpacking node-unset-value (2.0.1-1) ...
Selecting previously unselected package node-cache-base.
Preparing to unpack .../496-node-cache-base_4.0.2-1_all.deb ...
Unpacking node-cache-base (4.0.2-1) ...
Selecting previously unselected package node-is-descriptor.
Preparing to unpack .../497-node-is-descriptor_3.0.0-2_all.deb ...
Unpacking node-is-descriptor (3.0.0-2) ...
Selecting previously unselected package node-define-property.
Preparing to unpack .../498-node-define-property_2.0.2+really+2.0.2-3_all.deb ...
Unpacking node-define-property (2.0.2+really+2.0.2-3) ...
Selecting previously unselected package node-mixin-deep.
Preparing to unpack .../499-node-mixin-deep_2.0.1-3_all.deb ...
Unpacking node-mixin-deep (2.0.1-3) ...
Selecting previously unselected package node-pascalcase.
Preparing to unpack .../500-node-pascalcase_1.0.0-1_all.deb ...
Unpacking node-pascalcase (1.0.0-1) ...
Selecting previously unselected package node-base.
Preparing to unpack .../501-node-base_3.0.0-3_all.deb ...
Unpacking node-base (3.0.0-3) ...
Selecting previously unselected package node-base64-js.
Preparing to unpack .../502-node-base64-js_1.5.1+dfsg+~1.3.0-2_all.deb ...
Unpacking node-base64-js (1.5.1+dfsg+~1.3.0-2) ...
Selecting previously unselected package node-binary-extensions.
Preparing to unpack .../503-node-binary-extensions_2.2.0-2_all.deb ...
Unpacking node-binary-extensions (2.2.0-2) ...
Selecting previously unselected package node-builtins.
Preparing to unpack .../504-node-builtins_5.0.1-1_all.deb ...
Unpacking node-builtins (5.0.1-1) ...
Selecting previously unselected package node-chownr.
Preparing to unpack .../505-node-chownr_2.0.0-2_all.deb ...
Unpacking node-chownr (2.0.0-2) ...
Selecting previously unselected package node-iconv-lite.
Preparing to unpack .../506-node-iconv-lite_0.6.3-3_all.deb ...
Unpacking node-iconv-lite (0.6.3-3) ...
Selecting previously unselected package node-encoding.
Preparing to unpack .../507-node-encoding_0.1.13-2_all.deb ...
Unpacking node-encoding (0.1.13-2) ...
Selecting previously unselected package node-jsonparse.
Preparing to unpack .../508-node-jsonparse_1.3.1-10_all.deb ...
Unpacking node-jsonparse (1.3.1-10) ...
Selecting previously unselected package node-minipass.
Preparing to unpack .../509-node-minipass_3.3.6+~cs9.4.19-1+deb12u1_all.deb ...
Unpacking node-minipass (3.3.6+~cs9.4.19-1+deb12u1) ...
Selecting previously unselected package node-iferr.
Preparing to unpack .../510-node-iferr_1.0.2+~1.0.2-1_all.deb ...
Unpacking node-iferr (1.0.2+~1.0.2-1) ...
Selecting previously unselected package node-fs-write-stream-atomic.
Preparing to unpack .../511-node-fs-write-stream-atomic_1.0.10-6_all.deb ...
Unpacking node-fs-write-stream-atomic (1.0.10-6) ...
Selecting previously unselected package node-run-queue.
Preparing to unpack .../512-node-run-queue_2.0.0-3_all.deb ...
Unpacking node-run-queue (2.0.0-3) ...
Selecting previously unselected package node-copy-concurrently.
Preparing to unpack .../513-node-copy-concurrently_1.0.5-9_all.deb ...
Unpacking node-copy-concurrently (1.0.5-9) ...
Selecting previously unselected package node-move-concurrently.
Preparing to unpack .../514-node-move-concurrently_1.0.1-5_all.deb ...
Unpacking node-move-concurrently (1.0.1-5) ...
Selecting previously unselected package node-promise-inflight.
Preparing to unpack .../515-node-promise-inflight_1.0.1+~1.0.0-1_all.deb ...
Unpacking node-promise-inflight (1.0.1+~1.0.0-1) ...
Selecting previously unselected package node-ssri.
Preparing to unpack .../516-node-ssri_9.0.1-2_all.deb ...
Unpacking node-ssri (9.0.1-2) ...
Selecting previously unselected package node-unique-filename.
Preparing to unpack .../517-node-unique-filename_1.1.1+ds-2_all.deb ...
Unpacking node-unique-filename (1.1.1+ds-2) ...
Selecting previously unselected package node-cacache.
Preparing to unpack .../518-node-cacache_17.0.3+~cs10.3.7-1_all.deb ...
Unpacking node-cacache (17.0.3+~cs10.3.7-1) ...
Selecting previously unselected package node-is-binary-path.
Preparing to unpack .../519-node-is-binary-path_2.1.0-5_all.deb ...
Unpacking node-is-binary-path (2.1.0-5) ...
Selecting previously unselected package node-path-is-absolute.
Preparing to unpack .../520-node-path-is-absolute_2.0.0-2_all.deb ...
Unpacking node-path-is-absolute (2.0.0-2) ...
Selecting previously unselected package node-set-immediate-shim.
Preparing to unpack .../521-node-set-immediate-shim_2.0.0-2_all.deb ...
Unpacking node-set-immediate-shim (2.0.0-2) ...
Selecting previously unselected package node-readdirp.
Preparing to unpack .../522-node-readdirp_3.6.0-1_all.deb ...
Unpacking node-readdirp (3.6.0-1) ...
Selecting previously unselected package node-chokidar.
Preparing to unpack .../523-node-chokidar_3.5.3-2_all.deb ...
Unpacking node-chokidar (3.5.3-2) ...
Selecting previously unselected package node-tslib.
Preparing to unpack .../524-node-tslib_2.4.1-1_all.deb ...
Unpacking node-tslib (2.4.1-1) ...
Selecting previously unselected package node-chrome-trace-event.
Preparing to unpack .../525-node-chrome-trace-event_1.0.3-2_all.deb ...
Unpacking node-chrome-trace-event (1.0.3-2) ...
Selecting previously unselected package node-ci-info.
Preparing to unpack .../526-node-ci-info_3.6.1+~cs1.1.0-1_all.deb ...
Unpacking node-ci-info (3.6.1+~cs1.1.0-1) ...
Selecting previously unselected package node-cli-boxes.
Preparing to unpack .../527-node-cli-boxes_2.2.1-2_all.deb ...
Unpacking node-cli-boxes (2.2.1-2) ...
Selecting previously unselected package node-restore-cursor.
Preparing to unpack .../528-node-restore-cursor_4.0.0-2_all.deb ...
Unpacking node-restore-cursor (4.0.0-2) ...
Selecting previously unselected package node-cli-cursor.
Preparing to unpack .../529-node-cli-cursor_4.0.0-3_all.deb ...
Unpacking node-cli-cursor (4.0.0-3) ...
Selecting previously unselected package node-colors.
Preparing to unpack .../530-node-colors_1.4.0-4_all.deb ...
Unpacking node-colors (1.4.0-4) ...
Selecting previously unselected package node-cli-table.
Preparing to unpack .../531-node-cli-table_0.3.11+~cs0.13.4-3_all.deb ...
Unpacking node-cli-table (0.3.11+~cs0.13.4-3) ...
Selecting previously unselected package node-cli-truncate.
Preparing to unpack .../532-node-cli-truncate_2.1.0-5_all.deb ...
Unpacking node-cli-truncate (2.1.0-5) ...
Selecting previously unselected package node-columnify.
Preparing to unpack .../533-node-columnify_1.6.0+~1.5.1-1_all.deb ...
Unpacking node-columnify (1.6.0+~1.5.1-1) ...
Selecting previously unselected package node-console-control-strings.
Preparing to unpack .../534-node-console-control-strings_1.1.0-3_all.deb ...
Unpacking node-console-control-strings (1.1.0-3) ...
Selecting previously unselected package node-growl.
Preparing to unpack .../535-node-growl_1.10.5-4_all.deb ...
Unpacking node-growl (1.10.5-4) ...
Selecting previously unselected package node-lcov-parse.
Preparing to unpack .../536-node-lcov-parse_1.0.0+20170612git80d039574ed9-6_all.deb ...
Unpacking node-lcov-parse (1.0.0+20170612git80d039574ed9-6) ...
Selecting previously unselected package node-log-driver.
Preparing to unpack .../537-node-log-driver_1.2.7+git+20180219+bba1761737-7_all.deb ...
Unpacking node-log-driver (1.2.7+git+20180219+bba1761737-7) ...
Selecting previously unselected package node-data-uri-to-buffer.
Preparing to unpack .../538-node-data-uri-to-buffer_4.0.0-3_all.deb ...
Unpacking node-data-uri-to-buffer (4.0.0-3) ...
Selecting previously unselected package node-fetch.
Preparing to unpack .../539-node-fetch_3.3.0+~cs11.4.11-2_all.deb ...
Unpacking node-fetch (3.3.0+~cs11.4.11-2) ...
Selecting previously unselected package node-coveralls.
Preparing to unpack .../540-node-coveralls_3.1.1-2_all.deb ...
Unpacking node-coveralls (3.1.1-2) ...
Selecting previously unselected package node-css-selector-tokenizer.
Preparing to unpack .../541-node-css-selector-tokenizer_0.8.0+~cs4.8.3-1_all.deb ...
Unpacking node-css-selector-tokenizer (0.8.0+~cs4.8.3-1) ...
Selecting previously unselected package node-postcss.
Preparing to unpack .../542-node-postcss_8.4.20+~cs8.0.23-1+deb12u1_all.deb ...
Unpacking node-postcss (8.4.20+~cs8.0.23-1+deb12u1) ...
Selecting previously unselected package node-icss-utils.
Preparing to unpack .../543-node-icss-utils_5.1.0+~5.1.0-1_all.deb ...
Unpacking node-icss-utils (5.1.0+~5.1.0-1) ...
Selecting previously unselected package node-postcss-modules-extract-imports.
Preparing to unpack .../544-node-postcss-modules-extract-imports_3.0.0-2_all.deb ...
Unpacking node-postcss-modules-extract-imports (3.0.0-2) ...
Selecting previously unselected package node-postcss-modules-values.
Preparing to unpack .../545-node-postcss-modules-values_4.0.0+~4.0.0-1_all.deb ...
Unpacking node-postcss-modules-values (4.0.0+~4.0.0-1) ...
Selecting previously unselected package node-postcss-value-parser.
Preparing to unpack .../546-node-postcss-value-parser_4.2.0-1_all.deb ...
Unpacking node-postcss-value-parser (4.2.0-1) ...
Selecting previously unselected package node-prr.
Preparing to unpack .../547-node-prr_1.0.1-3_all.deb ...
Unpacking node-prr (1.0.1-3) ...
Selecting previously unselected package node-errno.
Preparing to unpack .../548-node-errno_1.0.0-3_all.deb ...
Unpacking node-errno (1.0.0-3) ...
Selecting previously unselected package node-memory-fs.
Preparing to unpack .../549-node-memory-fs_0.5.0+~0.3.3-2_all.deb ...
Unpacking node-memory-fs (0.5.0+~0.3.3-2) ...
Selecting previously unselected package node-tapable.
Preparing to unpack .../550-node-tapable_2.2.1-2_all.deb ...
Unpacking node-tapable (2.2.1-2) ...
Selecting previously unselected package node-enhanced-resolve.
Preparing to unpack .../551-node-enhanced-resolve_5.10.0-1_all.deb ...
Unpacking node-enhanced-resolve (5.10.0-1) ...
Selecting previously unselected package node-es-module-lexer.
Preparing to unpack .../552-node-es-module-lexer_1.1.0+dfsg-2+deb12u1_all.deb ...
Unpacking node-es-module-lexer (1.1.0+dfsg-2+deb12u1) ...
Selecting previously unselected package node-events.
Preparing to unpack .../553-node-events_3.3.0+~3.0.0-3_all.deb ...
Unpacking node-events (3.3.0+~3.0.0-3) ...
Selecting previously unselected package node-resolve-cwd.
Preparing to unpack .../554-node-resolve-cwd_3.0.0-2_all.deb ...
Unpacking node-resolve-cwd (3.0.0-2) ...
Selecting previously unselected package node-jest-debbundle.
Preparing to unpack .../555-node-jest-debbundle_29.3.1~ds1+~cs70.48.25-2_all.deb ...
Unpacking node-jest-debbundle (29.3.1~ds1+~cs70.48.25-2) ...
Selecting previously unselected package node-interpret.
Preparing to unpack .../556-node-interpret_2.2.0-3_all.deb ...
Unpacking node-interpret (2.2.0-3) ...
Selecting previously unselected package node-merge-stream.
Preparing to unpack .../557-node-merge-stream_2.0.0+~1.1.2-2_all.deb ...
Unpacking node-merge-stream (2.0.0+~1.1.2-2) ...
Selecting previously unselected package node-jest-worker.
Preparing to unpack .../558-node-jest-worker_29.3.1~ds1+~cs70.48.25-2_all.deb ...
Unpacking node-jest-worker (29.3.1~ds1+~cs70.48.25-2) ...
Selecting previously unselected package node-loader-runner.
Preparing to unpack .../559-node-loader-runner_4.3.0-1_all.deb ...
Unpacking node-loader-runner (4.3.0-1) ...
Selecting previously unselected package node-mime.
Preparing to unpack .../560-node-mime_3.0.0+dfsg+~cs3.97.1-1_all.deb ...
Unpacking node-mime (3.0.0+dfsg+~cs3.97.1-1) ...
Selecting previously unselected package node-mime-types.
Preparing to unpack .../561-node-mime-types_2.1.35-1_all.deb ...
Unpacking node-mime-types (2.1.35-1) ...
Selecting previously unselected package node-rechoir.
Preparing to unpack .../562-node-rechoir_0.8.0+~0.6.1-2_all.deb ...
Unpacking node-rechoir (0.8.0+~0.6.1-2) ...
Selecting previously unselected package node-schema-utils.
Preparing to unpack .../563-node-schema-utils_3.1.1~ds-2_all.deb ...
Unpacking node-schema-utils (3.1.1~ds-2) ...
Selecting previously unselected package node-randombytes.
Preparing to unpack .../564-node-randombytes_2.1.0+~2.0.0-2_all.deb ...
Unpacking node-randombytes (2.1.0+~2.0.0-2) ...
Selecting previously unselected package node-serialize-javascript.
Preparing to unpack .../565-node-serialize-javascript_6.0.0-2+deb12u1_all.deb ...
Unpacking node-serialize-javascript (6.0.0-2+deb12u1) ...
Selecting previously unselected package node-watchpack.
Preparing to unpack .../566-node-watchpack_2.4.0+~cs2.8.1-1_all.deb ...
Unpacking node-watchpack (2.4.0+~cs2.8.1-1) ...
Selecting previously unselected package node-webassemblyjs.
Preparing to unpack .../567-node-webassemblyjs_1.11.4+dfsg+~cs10.11.17-2_all.deb ...
Unpacking node-webassemblyjs (1.11.4+dfsg+~cs10.11.17-2) ...
Selecting previously unselected package node-source-list-map.
Preparing to unpack .../568-node-source-list-map_2.0.1+dfsg-2_all.deb ...
Unpacking node-source-list-map (2.0.1+dfsg-2) ...
Selecting previously unselected package node-webpack-sources.
Preparing to unpack .../569-node-webpack-sources_3.2.3+~3.2.0-2_all.deb ...
Unpacking node-webpack-sources (3.2.3+~3.2.0-2) ...
Selecting previously unselected package node-terser.
Preparing to unpack .../570-node-terser_5.16.5-2_all.deb ...
Unpacking node-terser (5.16.5-2) ...
Selecting previously unselected package terser.
Preparing to unpack .../571-terser_5.16.5-2_all.deb ...
Unpacking terser (5.16.5-2) ...
Selecting previously unselected package webpack.
Preparing to unpack .../572-webpack_5.75.0+dfsg+~cs17.16.14-1+deb12u1_all.deb ...
Unpacking webpack (5.75.0+dfsg+~cs17.16.14-1+deb12u1) ...
Selecting previously unselected package node-css-loader.
Preparing to unpack .../573-node-css-loader_6.7.2+~cs14.0.11-1_all.deb ...
Unpacking node-css-loader (6.7.2+~cs14.0.11-1) ...
Selecting previously unselected package node-mimic-response.
Preparing to unpack .../574-node-mimic-response_3.1.0-8_all.deb ...
Unpacking node-mimic-response (3.1.0-8) ...
Selecting previously unselected package node-decompress-response.
Preparing to unpack .../575-node-decompress-response_6.0.0-2_all.deb ...
Unpacking node-decompress-response (6.0.0-2) ...
Selecting previously unselected package node-depd.
Preparing to unpack .../576-node-depd_2.0.0-2_all.deb ...
Unpacking node-depd (2.0.0-2) ...
Selecting previously unselected package node-diff.
Preparing to unpack .../577-node-diff_5.0.0~dfsg+~5.0.1-4_all.deb ...
Unpacking node-diff (5.0.0~dfsg+~5.0.1-4) ...
Selecting previously unselected package node-end-of-stream.
Preparing to unpack .../578-node-end-of-stream_1.4.4+~1.4.1-1_all.deb ...
Unpacking node-end-of-stream (1.4.4+~1.4.1-1) ...
Selecting previously unselected package node-err-code.
Preparing to unpack .../579-node-err-code_2.0.3+dfsg-3_all.deb ...
Unpacking node-err-code (2.0.3+dfsg-3) ...
Selecting previously unselected package node-time-stamp.
Preparing to unpack .../580-node-time-stamp_2.2.0-2_all.deb ...
Unpacking node-time-stamp (2.2.0-2) ...
Selecting previously unselected package node-fancy-log.
Preparing to unpack .../581-node-fancy-log_1.3.3+~cs1.3.1-2_all.deb ...
Unpacking node-fancy-log (1.3.3+~cs1.3.1-2) ...
Selecting previously unselected package node-has-unicode.
Preparing to unpack .../582-node-has-unicode_2.0.1-5_all.deb ...
Unpacking node-has-unicode (2.0.1-5) ...
Selecting previously unselected package node-wide-align.
Preparing to unpack .../583-node-wide-align_1.1.3-4_all.deb ...
Unpacking node-wide-align (1.1.3-4) ...
Selecting previously unselected package node-gauge.
Preparing to unpack .../584-node-gauge_4.0.4-1_all.deb ...
Unpacking node-gauge (4.0.4-1) ...
Selecting previously unselected package node-pump.
Preparing to unpack .../585-node-pump_3.0.0-5_all.deb ...
Unpacking node-pump (3.0.0-5) ...
Selecting previously unselected package node-get-stream.
Preparing to unpack .../586-node-get-stream_6.0.1-1_all.deb ...
Unpacking node-get-stream (6.0.1-1) ...
Selecting previously unselected package node-lowercase-keys.
Preparing to unpack .../587-node-lowercase-keys_2.0.0-2_all.deb ...
Unpacking node-lowercase-keys (2.0.0-2) ...
Selecting previously unselected package node-json-buffer.
Preparing to unpack .../588-node-json-buffer_3.0.1+~3.0.0-1_all.deb ...
Unpacking node-json-buffer (3.0.1+~3.0.0-1) ...
Selecting previously unselected package node-p-cancelable.
Preparing to unpack .../589-node-p-cancelable_2.1.1-1_all.deb ...
Unpacking node-p-cancelable (2.1.1-1) ...
Selecting previously unselected package node-got.
Preparing to unpack .../590-node-got_11.8.5+~cs58.13.36-3_all.deb ...
Unpacking node-got (11.8.5+~cs58.13.36-3) ...
Selecting previously unselected package node-https-proxy-agent.
Preparing to unpack .../591-node-https-proxy-agent_5.0.1+~cs8.0.0-3_all.deb ...
Unpacking node-https-proxy-agent (5.0.1+~cs8.0.0-3) ...
Selecting previously unselected package node-set-blocking.
Preparing to unpack .../592-node-set-blocking_2.0.0-2_all.deb ...
Unpacking node-set-blocking (2.0.0-2) ...
Selecting previously unselected package node-npmlog.
Preparing to unpack .../593-node-npmlog_7.0.1+~4.1.4-1_all.deb ...
Unpacking node-npmlog (7.0.1+~4.1.4-1) ...
Selecting previously unselected package node-osenv.
Preparing to unpack .../594-node-osenv_0.1.5+~0.1.1-1_all.deb ...
Unpacking node-osenv (0.1.5+~0.1.1-1) ...
Selecting previously unselected package node-tar.
Preparing to unpack .../595-node-tar_6.1.13+~cs7.0.5-1+deb12u1_all.deb ...
Unpacking node-tar (6.1.13+~cs7.0.5-1+deb12u1) ...
Selecting previously unselected package node-gyp.
Preparing to unpack .../596-node-gyp_9.3.0-2_all.deb ...
Unpacking node-gyp (9.3.0-2) ...
Selecting previously unselected package node-ieee754.
Preparing to unpack .../597-node-ieee754_1.2.1-3_all.deb ...
Unpacking node-ieee754 (1.2.1-3) ...
Selecting previously unselected package node-ini.
Preparing to unpack .../598-node-ini_3.0.1-2_all.deb ...
Unpacking node-ini (3.0.1-2) ...
Selecting previously unselected package node-ip.
Preparing to unpack .../599-node-ip_2.0.0+~1.1.0-1_all.deb ...
Unpacking node-ip (2.0.0+~1.1.0-1) ...
Selecting previously unselected package node-ip-regex.
Preparing to unpack .../600-node-ip-regex_4.3.0+~4.1.1-1_all.deb ...
Unpacking node-ip-regex (4.3.0+~4.1.1-1) ...
Selecting previously unselected package node-mute-stream.
Preparing to unpack .../601-node-mute-stream_0.0.8+~0.0.1-3_all.deb ...
Unpacking node-mute-stream (0.0.8+~0.0.1-3) ...
Selecting previously unselected package node-negotiator.
Preparing to unpack .../602-node-negotiator_0.6.3+~0.6.1-1_all.deb ...
Unpacking node-negotiator (0.6.3+~0.6.1-1) ...
Selecting previously unselected package node-read-package-json.
Preparing to unpack .../603-node-read-package-json_5.0.2+~2.0.0-1_all.deb ...
Unpacking node-read-package-json (5.0.2+~2.0.0-1) ...
Selecting previously unselected package node-npm-bundled.
Preparing to unpack .../604-node-npm-bundled_2.0.1-2_all.deb ...
Unpacking node-npm-bundled (2.0.1-2) ...
Selecting previously unselected package node-validate-npm-package-name.
Preparing to unpack .../605-node-validate-npm-package-name_5.0.0+~4.0.0-1_all.deb ...
Unpacking node-validate-npm-package-name (5.0.0+~4.0.0-1) ...
Selecting previously unselected package node-npm-package-arg.
Preparing to unpack .../606-node-npm-package-arg_10.0.0+~3.0.0-2_all.deb ...
Unpacking node-npm-package-arg (10.0.0+~3.0.0-2) ...
Selecting previously unselected package xdg-utils.
Preparing to unpack .../607-xdg-utils_1.1.3-4.1_all.deb ...
Unpacking xdg-utils (1.1.3-4.1) ...
Selecting previously unselected package node-opener.
Preparing to unpack .../608-node-opener_1.5.2+~1.4.0-1_all.deb ...
Unpacking node-opener (1.5.2+~1.4.0-1) ...
Selecting previously unselected package node-retry.
Preparing to unpack .../609-node-retry_0.13.1+~0.12.1-1_all.deb ...
Unpacking node-retry (0.13.1+~0.12.1-1) ...
Selecting previously unselected package node-promise-retry.
Preparing to unpack .../610-node-promise-retry_2.0.1-4_all.deb ...
Unpacking node-promise-retry (2.0.1-4) ...
Selecting previously unselected package node-read.
Preparing to unpack .../611-node-read_1.0.7-5_all.deb ...
Unpacking node-read (1.0.7-5) ...
Selecting previously unselected package node-promzard.
Preparing to unpack .../612-node-promzard_0.3.0-2_all.deb ...
Unpacking node-promzard (0.3.0-2) ...
Selecting previously unselected package node-shell-quote.
Preparing to unpack .../613-node-shell-quote_1.7.4+~1.7.1-1+deb12u1_all.deb ...
Unpacking node-shell-quote (1.7.4+~1.7.1-1+deb12u1) ...
Selecting previously unselected package node-stack-utils.
Preparing to unpack .../614-node-stack-utils_2.0.6+~2.0.1-1_all.deb ...
Unpacking node-stack-utils (2.0.6+~2.0.1-1) ...
Selecting previously unselected package node-yaml.
Preparing to unpack .../615-node-yaml_2.1.3-2_all.deb ...
Unpacking node-yaml (2.1.3-2) ...
Selecting previously unselected package node-tap-parser.
Preparing to unpack .../616-node-tap-parser_11.0.2+~cs2.1.4-1_all.deb ...
Unpacking node-tap-parser (11.0.2+~cs2.1.4-1) ...
Selecting previously unselected package node-tap-mocha-reporter.
Preparing to unpack .../617-node-tap-mocha-reporter_5.0.3+~2.0.2-2_all.deb ...
Unpacking node-tap-mocha-reporter (5.0.3+~2.0.2-2) ...
Selecting previously unselected package node-widest-line.
Preparing to unpack .../618-node-widest-line_3.1.0-2_all.deb ...
Unpacking node-widest-line (3.1.0-2) ...
Selecting previously unselected package node-ws.
Preparing to unpack .../619-node-ws_8.11.0+~cs13.7.3-1_all.deb ...
Unpacking node-ws (8.11.0+~cs13.7.3-1) ...
Selecting previously unselected package node-tap.
Preparing to unpack .../620-node-tap_16.3.2+ds1+~cs50.8.16-1+deb12u1_all.deb ...
Unpacking node-tap (16.3.2+ds1+~cs50.8.16-1+deb12u1) ...
Selecting previously unselected package node-text-table.
Preparing to unpack .../621-node-text-table_0.2.0-4_all.deb ...
Unpacking node-text-table (0.2.0-4) ...
Selecting previously unselected package nodejs-doc.
Preparing to unpack .../622-nodejs-doc_18.20.4+dfsg-1~deb12u3_all.deb ...
Unpacking nodejs-doc (18.20.4+dfsg-1~deb12u3) ...
Selecting previously unselected package npm.
Preparing to unpack .../623-npm_9.2.0~ds1-1_all.deb ...
Unpacking npm (9.2.0~ds1-1) ...
Selecting previously unselected package publicsuffix.
Preparing to unpack .../624-publicsuffix_20230209.2326-1_all.deb ...
Unpacking publicsuffix (20230209.2326-1) ...
Selecting previously unselected package ripgrep.
Preparing to unpack .../625-ripgrep_13.0.0-4+b2_arm64.deb ...
Unpacking ripgrep (13.0.0-4+b2) ...
Selecting previously unselected package x11-utils.
Preparing to unpack .../626-x11-utils_7.7+5_arm64.deb ...
Unpacking x11-utils (7.7+5) ...
Selecting previously unselected package x11-xserver-utils.
Preparing to unpack .../627-x11-xserver-utils_7.7+9+b1_arm64.deb ...
Unpacking x11-xserver-utils (7.7+9+b1) ...
Selecting previously unselected package xauth.
Preparing to unpack .../628-xauth_1%3a1.1.2-1_arm64.deb ...
Unpacking xauth (1:1.1.2-1) ...
Selecting previously unselected package xdg-user-dirs.
Preparing to unpack .../629-xdg-user-dirs_0.18-1_arm64.deb ...
Unpacking xdg-user-dirs (0.18-1) ...
Selecting previously unselected package libegl1:arm64.
Preparing to unpack .../630-libegl1_1.6.0-1_arm64.deb ...
Unpacking libegl1:arm64 (1.6.0-1) ...
Selecting previously unselected package zutty.
Preparing to unpack .../631-zutty_0.14.0.20230218+dfsg1-1_arm64.deb ...
Unpacking zutty (0.14.0.20230218+dfsg1-1) ...
Setting up libksba8:arm64 (1.6.3-2) ...
Setting up media-types (10.0.0) ...
Setting up libtext-iconv-perl:arm64 (1.7-8) ...
Setting up javascript-common (11+nmu1) ...
Setting up node-colors (1.4.0-4) ...
Setting up node-fs.realpath (1.0.0-3) ...
Setting up libwayland-server0:arm64 (1.21.0-1) ...
Setting up node-ampproject-remapping (2.2.0+~cs5.15.37-1) ...
Setting up node-diff (5.0.0~dfsg+~5.0.1-4) ...
Setting up libaom3:arm64 (3.6.0-1+deb12u3) ...
Setting up libabsl20220623:arm64 (20220623.1-1+deb12u2) ...
Setting up libxau6:arm64 (1:1.0.9-1) ...
Setting up libkeyutils1:arm64 (1.6.3-2) ...
Setting up libapparmor1:arm64 (3.0.8-3) ...
Setting up libpsl5:arm64 (0.21.2-1) ...
Setting up node-abbrev (1.1.1+~1.1.2-1) ...
Setting up node-path-is-inside (1.0.2+~1.0.0-1) ...
Setting up libjs-sprintf-js (1.1.2+ds1+~1.1.2-1) ...
Setting up libicu72:arm64 (72.1-3+deb12u1) ...
Setting up node-pify (5.0.0+~cs5.0.1-1) ...
Setting up node-p-limit (4.0.0+~cs4.0.0-5) ...
Setting up node-yallist (4.0.0+~4.0.1-1) ...
Setting up liblerc4:arm64 (4.0.0+ds-2) ...
Setting up libjs-inherits (2.0.4-6) ...
Setting up node-p-cancelable (2.1.1-1) ...
Setting up node-is-windows (1.0.2+~cs1.0.0-1) ...
Setting up node-ansi-regex (5.0.1-1) ...
Setting up node-yaml (2.1.3-2) ...
Setting up node-loader-runner (4.3.0-1) ...
Setting up node-object-inspect (1.12.2+~cs1.8.1-1) ...
Setting up node-slash (4.0.0-3) ...
Setting up xdg-user-dirs (0.18-1) ...
Setting up node-util-deprecate (1.0.2-3) ...
Setting up node-ieee754 (1.2.1-3) ...
Setting up node-fs-readdir-recursive (1.1.0+~1.1.0-1) ...
Setting up node-v8flags (3.2.0+~3.1.1-1) ...
Setting up node-retry (0.13.1+~0.12.1-1) ...
Setting up node-get-caller-file (2.0.5+~cs1.1.1-4) ...
Setting up node-arrify (2.0.1-3) ...
Setting up node-eslint-visitor-keys (3.3.0+~1.0.0-1) ...
Setting up libglib2.0-0:arm64 (2.74.6-2+deb12u9) ...
No schema files found: doing nothing.
Setting up node-caniuse-lite (1.0.30001436+dfsg+~1.0.1-1) ...
Setting up manpages (6.03-2) ...
Setting up node-isobject (4.0.0-2) ...
Setting up libglvnd0:arm64 (1.6.0-1) ...
Setting up node-get-value (1:3.0.1-4) ...
Setting up node-delegates (1.0.0-3) ...
Setting up libtirpc-common (1.3.3+ds-1) ...
Setting up node-depd (2.0.0-2) ...
Setting up node-isexe (2.0.0+~2.0.1-5) ...
Setting up libcbor0.8:arm64 (0.8.0-2+b1) ...
Setting up libbrotli1:arm64 (1.0.9-2+b6) ...
Setting up node-jsonparse (1.3.1-10) ...
Setting up node-core-js-pure (3.26.1-3) ...
Setting up node-es-module-lexer (1.1.0+dfsg-2+deb12u1) ...
Setting up libsasl2-modules:arm64 (2.1.28+dfsg-10) ...
Setting up node-path-exists (5.0.0-8) ...
Setting up libgdk-pixbuf2.0-common (2.42.10+dfsg-1+deb12u4) ...
Setting up node-unicode-match-property-value-ecmascript (2.1.0+ds-1) ...
Setting up node-escape-string-regexp (4.0.0-2) ...
Setting up node-through (2.3.8+~cs0.0.30-1) ...
Setting up binutils-common:arm64 (2.40-2) ...
Setting up libjs-source-map (0.7.0++dfsg2+really.0.6.1-15) ...
Setting up x11-common (1:7.7+23) ...
debconf: unable to initialize frontend: Dialog
debconf: (TERM is not set, so the dialog frontend is not usable.)
debconf: falling back to frontend: Readline
debconf: unable to initialize frontend: Readline
debconf: (This frontend requires a controlling tty.)
debconf: falling back to frontend: Teletype
invoke-rc.d: could not determine current runlevel
invoke-rc.d: policy-rc.d denied execution of restart.
Setting up node-p-locate (6.0.0-12) ...
Setting up libsensors-config (1:3.6.0-7.1) ...
Setting up node-negotiator (0.6.3+~0.6.1-1) ...
Setting up node-tslib (2.4.1-1) ...
Setting up libnghttp2-14:arm64 (1.52.0-1+deb12u3) ...
Setting up node-strip-bom (4.0.0-2) ...
Setting up libdeflate0:arm64 (1.14-1) ...
Setting up less (590-2.1~deb12u2) ...
Setting up perl-openssl-defaults:arm64 (7+b1) ...
Setting up node-stack-utils (2.0.6+~2.0.1-1) ...
Setting up linux-libc-dev:arm64 (6.1.187-1) ...
Setting up libctf-nobfd0:arm64 (2.40-2) ...
Setting up node-ci-info (3.6.1+~cs1.1.0-1) ...
Setting up node-color-name (1.1.4+~1.1.1-2) ...
Setting up node-chrome-trace-event (1.0.3-2) ...
Setting up node-json-buffer (3.0.1+~3.0.0-1) ...
Setting up node-electron-to-chromium (1.4.284-1) ...
Setting up node-cjs-module-lexer (1.2.2+dfsg-5) ...
Setting up node-console-control-strings (1.1.0-3) ...
Setting up libnpth0:arm64 (1.6-3) ...
Setting up krb5-locales (1.20.1-2+deb12u5) ...
Setting up node-source-list-map (2.0.1+dfsg-2) ...
Setting up node-camelcase (7.0.0-3) ...
Setting up node-resumer (0.0.0-6) ...
Setting up libc-ares2:arm64 (1.18.1-3) ...
Setting up node-uuid (8.3.2+~8.3.3-3) ...
Setting up libsvtav1enc1:arm64 (1.4.1+dfsg-1) ...
Setting up libassuan0:arm64 (2.5.5-5) ...
Setting up node-pascalcase (1.0.0-1) ...
Setting up libgomp1:arm64 (12.2.0-14+deb12u1) ...
Setting up bzip2 (1.0.8-5+b1) ...
Setting up libldap-common (2.5.13+dfsg-5) ...
Setting up node-auto-bind (4.0.0-2) ...
Setting up node-terser (5.16.5-2) ...
Setting up libjbig0:arm64 (2.1-6.1) ...
Setting up node-path-type (4.0.0-3) ...
Setting up node-indent-string (4.0.0-2) ...
Setting up librav1e0:arm64 (0.5.1-6) ...
Setting up node-typedarray (0.0.7-1) ...
Setting up libfakeroot:arm64 (1.31-1.2) ...
Setting up libjansson4:arm64 (2.14-2) ...
Setting up node-function-bind (1.1.1+repacked+~1.0.3-2) ...
Setting up node-clone (2.1.2-4) ...
Setting up node-p-map (4.0.0+~3.1.0+~3.0.1-1) ...
Setting up node-iferr (1.0.2+~1.0.2-1) ...
Setting up libkrb5support0:arm64 (1.20.1-2+deb12u5) ...
Setting up node-chownr (2.0.0-2) ...
Setting up node-has-flag (4.0.0-3) ...
Setting up node-estraverse (5.3.0+ds+~5.1.1-1) ...
Setting up libsasl2-modules-db:arm64 (2.1.28+dfsg-10) ...
Setting up node-regjsgen (0.7.1+ds-1) ...
Setting up fakeroot (1.31-1.2) ...
update-alternatives: using /usr/bin/fakeroot-sysv to provide /usr/bin/fakeroot (fakeroot) in auto mode
update-alternatives: warning: skip creation of /usr/share/man/man1/fakeroot.1.gz because associated file /usr/share/man/man1/fakeroot-sysv.1.gz (of link group fakeroot) doesn't exist
update-alternatives: warning: skip creation of /usr/share/man/man1/faked.1.gz because associated file /usr/share/man/man1/faked-sysv.1.gz (of link group fakeroot) doesn't exist
update-alternatives: warning: skip creation of /usr/share/man/es/man1/fakeroot.1.gz because associated file /usr/share/man/es/man1/fakeroot-sysv.1.gz (of link group fakeroot) doesn't exist
update-alternatives: warning: skip creation of /usr/share/man/es/man1/faked.1.gz because associated file /usr/share/man/es/man1/faked-sysv.1.gz (of link group fakeroot) doesn't exist
update-alternatives: warning: skip creation of /usr/share/man/fr/man1/fakeroot.1.gz because associated file /usr/share/man/fr/man1/fakeroot-sysv.1.gz (of link group fakeroot) doesn't exist
update-alternatives: warning: skip creation of /usr/share/man/fr/man1/faked.1.gz because associated file /usr/share/man/fr/man1/faked-sysv.1.gz (of link group fakeroot) doesn't exist
update-alternatives: warning: skip creation of /usr/share/man/sv/man1/fakeroot.1.gz because associated file /usr/share/man/sv/man1/fakeroot-sysv.1.gz (of link group fakeroot) doesn't exist
update-alternatives: warning: skip creation of /usr/share/man/sv/man1/faked.1.gz because associated file /usr/share/man/sv/man1/faked-sysv.1.gz (of link group fakeroot) doesn't exist
Setting up node-lodash-packages (4.17.21+dfsg+~cs8.31.198.20210220-9) ...
Setting up node-json-schema-traverse (1.0.0-3) ...
Setting up node-inherits (2.0.4-6) ...
Setting up node-path-is-absolute (2.0.0-2) ...
Setting up node-locate-path (7.1.1-2) ...
Setting up node-ini (3.0.1-2) ...
Setting up node-postcss-value-parser (4.2.0-1) ...
Setting up libfontenc1:arm64 (1:1.1.4-1) ...
Setting up perl-modules-5.36 (5.36.0-7+deb12u3) ...
Setting up node-is-descriptor (3.0.0-2) ...
Setting up libz3-4:arm64 (4.8.12-3.1) ...
Setting up node-safe-buffer (5.2.1+~cs2.1.2-3) ...
Setting up node-promise-inflight (1.0.1+~1.0.0-1) ...
Setting up libglib2.0-data (2.74.6-2+deb12u9) ...
Setting up libuv1:arm64 (1.44.2-1+deb12u1) ...
Setting up rpcsvc-proto (1.4.3-1) ...
Setting up libgles2:arm64 (1.6.0-1) ...
Setting up node-json-parse-better-errors (1.0.2+~cs3.3.1-2) ...
Setting up libjpeg62-turbo:arm64 (1:2.1.5-2) ...
Setting up node-unicode-canonical-property-names-ecmascript (2.0.0-2) ...
Setting up node-sprintf-js (1.1.2+ds1+~1.1.2-1) ...
Setting up node-flatted (3.2.7~ds-1+deb12u1) ...
Setting up node-y18n (5.0.8+~5.0.0-3) ...
Setting up node-fast-deep-equal (3.1.3-3) ...
Setting up node-shebang-regex (3.0.0-2) ...
Setting up node-err-code (2.0.3+dfsg-3) ...
Setting up node-resolve-from (5.0.0+~3.1.0+~3.3.0+~2.0.0-1) ...
Setting up libx11-data (2:1.8.4-2+deb12u2) ...
Setting up make (4.3-4.1) ...
Setting up libmpfr6:arm64 (4.2.0-1) ...
Setting up gnupg-l10n (2.2.40-1.1+deb12u2) ...
Setting up librtmp1:arm64 (2.4+20151223.gitfa8646d.1-2+b2) ...
Setting up node-balanced-match (2.0.0-1) ...
Setting up node-convert-source-map (1.9.0+~1.5.2-1) ...
Setting up node-brace-expansion (2.0.1-2) ...
Setting up node-is-stream (3.0.0-4) ...
Setting up node-spdx-exceptions (2.3.0-2) ...
Setting up libdbus-1-3:arm64 (1.14.10-1~deb12u1) ...
Setting up xz-utils (5.4.1-1+deb12u2) ...
update-alternatives: using /usr/bin/xz to provide /usr/bin/lzma (lzma) in auto mode
update-alternatives: warning: skip creation of /usr/share/man/man1/lzma.1.gz because associated file /usr/share/man/man1/xz.1.gz (of link group lzma) doesn't exist
update-alternatives: warning: skip creation of /usr/share/man/man1/unlzma.1.gz because associated file /usr/share/man/man1/unxz.1.gz (of link group lzma) doesn't exist
update-alternatives: warning: skip creation of /usr/share/man/man1/lzcat.1.gz because associated file /usr/share/man/man1/xzcat.1.gz (of link group lzma) doesn't exist
update-alternatives: warning: skip creation of /usr/share/man/man1/lzmore.1.gz because associated file /usr/share/man/man1/xzmore.1.gz (of link group lzma) doesn't exist
update-alternatives: warning: skip creation of /usr/share/man/man1/lzless.1.gz because associated file /usr/share/man/man1/xzless.1.gz (of link group lzma) doesn't exist
update-alternatives: warning: skip creation of /usr/share/man/man1/lzdiff.1.gz because associated file /usr/share/man/man1/xzdiff.1.gz (of link group lzma) doesn't exist
update-alternatives: warning: skip creation of /usr/share/man/man1/lzcmp.1.gz because associated file /usr/share/man/man1/xzcmp.1.gz (of link group lzma) doesn't exist
update-alternatives: warning: skip creation of /usr/share/man/man1/lzgrep.1.gz because associated file /usr/share/man/man1/xzgrep.1.gz (of link group lzma) doesn't exist
update-alternatives: warning: skip creation of /usr/share/man/man1/lzegrep.1.gz because associated file /usr/share/man/man1/xzegrep.1.gz (of link group lzma) doesn't exist
update-alternatives: warning: skip creation of /usr/share/man/man1/lzfgrep.1.gz because associated file /usr/share/man/man1/xzfgrep.1.gz (of link group lzma) doesn't exist
Setting up node-js-tokens (8.0.0-2) ...
Setting up node-core-js (3.26.1-3) ...
Setting up node-interpret (2.2.0-3) ...
Setting up node-set-blocking (2.0.0-2) ...
Setting up node-prr (1.0.1-3) ...
Setting up libssl-dev:arm64 (3.0.22-1~deb12u1) ...
Setting up libpng16-16:arm64 (1.6.39-2+deb12u5) ...
Setting up libmpc3:arm64 (1.3.1-1) ...
Setting up node-repeat-string (1.6.1+repack-1) ...
Setting up libatomic1:arm64 (12.2.0-14+deb12u1) ...
Setting up node-globals (13.18.0-1) ...
Setting up node-deep-is (0.1.4-1) ...
Setting up patch (2.7.6-7) ...
Setting up fonts-dejavu-core (2.37-6) ...
Setting up node-signal-exit (3.0.7+~3.0.1-1) ...
Setting up libgdbm-compat4:arm64 (1.23-3) ...
Setting up libgav1-1:arm64 (0.18.0-1+b1) ...
Setting up node-randombytes (2.1.0+~2.0.0-2) ...
Setting up libsensors5:arm64 (1:3.6.0-7.1) ...
Setting up libk5crypto3:arm64 (1.20.1-2+deb12u5) ...
Setting up node-source-map (0.7.0++dfsg2+really.0.6.1-15) ...
Setting up libdav1d6:arm64 (1.0.0-2+deb12u1) ...
Setting up node-wrappy (1.0.2-3) ...
Setting up node-object-visit (1.0.1-5) ...
Setting up libglapi-mesa:arm64 (22.3.6-1+deb12u2) ...
Setting up node-text-table (0.2.0-4) ...
Setting up libsasl2-2:arm64 (2.1.28+dfsg-10) ...
Setting up node-require-directory (2.1.1+~2.1.2-1) ...
Setting up node-ip (2.0.0+~1.1.0-1) ...
Setting up nodejs-doc (18.20.4+dfsg-1~deb12u3) ...
Setting up node-quick-lru (6.1.1-4) ...
Setting up node-regenerator-runtime (0.15.1+~0.10.8-1) ...
Setting up libwebp7:arm64 (1.2.4-0.2+deb12u1) ...
Setting up libubsan1:arm64 (12.2.0-14+deb12u1) ...
Setting up node-to-fast-properties (3.0.1-3) ...
Setting up node-defaults (1.0.4+~1.0.3-1) ...
Setting up node-mute-stream (0.0.8+~0.0.1-3) ...
Setting up node-memfs (3.4.12+~cs1.0.3-1) ...
Setting up node-mimic-response (3.1.0-8) ...
Setting up node-commander (9.4.1-1) ...
Setting up libnuma1:arm64 (2.0.16-1) ...
Setting up libjs-typedarray-to-buffer (4.0.0-2) ...
Setting up node-graceful-fs (4.2.10-1) ...
Setting up ripgrep (13.0.0-4+b2) ...
Setting up node-merge-stream (2.0.0+~1.1.2-2) ...
Setting up node-is-path-cwd (2.2.0-2) ...
Setting up libxshmfence1:arm64 (1.3-1) ...
Setting up libhwasan0:arm64 (12.2.0-14+deb12u1) ...
Setting up libcrypt-dev:arm64 (1:4.4.33-2) ...
Setting up libtiff6:arm64 (4.5.0-6+deb12u4) ...
Setting up dbus-session-bus-common (1.14.10-1~deb12u1) ...
Setting up node-jsonify (0.0.1-1) ...
Setting up libasan8:arm64 (12.2.0-14+deb12u1) ...
Setting up node-json-stable-stringify (1.0.2+~cs5.2.34-1) ...
Setting up node-fast-levenshtein (2.0.6+ds-3) ...
Setting up libjs-regenerate (1.4.2-3) ...
Setting up node-aproba (2.0.0-3) ...
Setting up node-unicode-property-aliases-ecmascript (2.1.0+ds-1) ...
Setting up gpgconf (2.2.40-1.1+deb12u2) ...
Setting up node-binary-extensions (2.2.0-2) ...
Setting up node-is-plain-object (5.0.0-7) ...
Setting up node-eslint-utils (3.0.0-3) ...
Setting up node-path-dirname (1.0.2-2) ...
Setting up node-ip-regex (4.3.0+~4.1.1-1) ...
Setting up git-man (1:2.39.5-0+deb12u3) ...
Setting up node-spdx-license-ids (3.0.12-1) ...
Setting up node-string-decoder (1.3.0-6) ...
Setting up libssh2-1:arm64 (1.10.0-3+deb12u1) ...
Setting up node-esutils (2.0.3+~2.0.0-1) ...
Setting up node-time-stamp (2.2.0-2) ...
Setting up node-commondir (1.0.1+~1.0.0-1) ...
Setting up libjs-prettify (2015.12.04+dfsg-1.1) ...
Setting up libjs-events (3.3.0+~3.0.0-3) ...
Setting up node-run-queue (2.0.0-3) ...
Setting up libkrb5-3:arm64 (1.20.1-2+deb12u5) ...
Setting up node-core-util-is (1.0.3-1) ...
Setting up node-json-schema (0.4.0+~7.0.11-1) ...
Setting up node-prelude-ls (1.2.1+dfsg-3) ...
Setting up node-minimatch (5.1.1+~5.1.2-1) ...
Setting up node-cli-boxes (2.2.1-2) ...
Setting up libtsan2:arm64 (12.2.0-14+deb12u1) ...
Setting up libbinutils:arm64 (2.40-2) ...
Setting up libjs-async (0.8.0-6) ...
Setting up dbus-system-bus-common (1.14.10-1~deb12u1) ...
Setting up node-imurmurhash (0.1.4+dfsg+~0.1.1-2) ...
Setting up node-xtend (4.0.2-3) ...
Setting up libfido2-1:arm64 (1.12.0-2+b1) ...
Setting up libisl23:arm64 (0.25-1.1) ...
Setting up node-set-immediate-shim (2.0.0-2) ...
Setting up node-foreground-child (2.0.0-5) ...
Setting up libde265-0:arm64 (1.0.11-1+deb12u3) ...
Setting up libc-dev-bin (2.36-9+deb12u14) ...
Setting up node-wordwrap (1.0.0-4) ...
Setting up node-read (1.0.7-5) ...
Setting up node-regexpp (3.2.0-4+deb12u1) ...
Setting up libbsd0:arm64 (0.11.7-2) ...
Setting up node-is-arrayish (0.3.2-3) ...
Setting up libdrm-common (2.4.114-1) ...
Setting up libyuv0:arm64 (0.0~git20230123.b2528b0-1) ...
Setting up libelf1:arm64 (0.188-2.1) ...
Setting up node-base64-js (1.5.1+dfsg+~1.3.0-2) ...
Setting up node-map-visit (1.0.0-4) ...
Setting up node-esquery (1.4.2~ds-1) ...
Setting up node-npm-run-path (5.1.0+~4.0.0-8) ...
Setting up publicsuffix (20230209.2326-1) ...
Setting up libxml2:arm64 (2.9.14+dfsg-1.3~deb12u6) ...
Setting up node-is-buffer (2.0.5-2) ...
Setting up xdg-utils (1.1.3-4.1) ...
update-alternatives: using /usr/bin/xdg-open to provide /usr/bin/open (open) in auto mode
update-alternatives: warning: skip creation of /usr/share/man/man1/open.1.gz because associated file /usr/share/man/man1/xdg-open.1.gz (of link group open) doesn't exist
Setting up node-color-convert (2.0.1+~cs2.0.0-2) ...
Setting up libcc1-0:arm64 (12.2.0-14+deb12u1) ...
Setting up libperl5.36:arm64 (5.36.0-7+deb12u3) ...
Setting up dbus-bin (1.14.10-1~deb12u1) ...
Setting up liblocale-gettext-perl (1.07-5) ...
Setting up node-data-uri-to-buffer (4.0.0-3) ...
Setting up gpg (2.2.40-1.1+deb12u2) ...
Setting up liblsan0:arm64 (12.2.0-14+deb12u1) ...
Setting up node-async-each (1.0.3-3) ...
Setting up libitm1:arm64 (12.2.0-14+deb12u1) ...
Setting up node-isarray (2.0.5-4) ...
Setting up node-osenv (0.1.5+~0.1.1-1) ...
Setting up node-is-plain-obj (3.0.0-2) ...
Setting up node-is-extglob (2.1.1-5) ...
Setting up node-tapable (2.2.1-2) ...
Setting up node-shebang-command (2.0.0-1) ...
Setting up gnupg-utils (2.2.40-1.1+deb12u2) ...
Setting up libjs-is-typedarray (1.0.0-4) ...
Setting up node-lowercase-keys (2.0.0-2) ...
Setting up node-babel-plugin-add-module-exports (1.0.4+dfsg1~cs5.8.0-4) ...
Setting up node-decompress-response (6.0.0-2) ...
Setting up node-process-nextick-args (2.0.1-3) ...
Setting up node-has-unicode (2.0.1-5) ...
Setting up node-busboy (1.6.0+~cs2.6.0-2) ...
Setting up libwayland-client0:arm64 (1.21.0-1) ...
Setting up libctf0:arm64 (2.40-2) ...
Setting up pinentry-curses (1.2.1-1) ...
Setting up libuv1-dev:arm64 (1.44.2-1+deb12u1) ...
Setting up node-readable-stream (3.6.0+~cs3.0.0-4) ...
Setting up manpages-dev (6.03-2) ...
Setting up libice6:arm64 (2:1.0.10-1) ...
Setting up libxdmcp6:arm64 (1:1.1.2-3) ...
Setting up node-lru-cache (7.14.1-1) ...
Setting up node-promise-retry (2.0.1-4) ...
Setting up cpp-12 (12.2.0-14+deb12u1) ...
Setting up libxcb1:arm64 (1.15-1) ...
Setting up node-supports-color (8.1.1+~8.1.1-1) ...
Setting up libxcb-xfixes0:arm64 (1.15-1) ...
Setting up gpg-agent (2.2.40-1.1+deb12u2) ...
Setting up libavif15:arm64 (0.11.1-1+deb12u1) ...
Setting up node-error-ex (1.3.2-4) ...
Setting up node-once (1.4.0-7) ...
Setting up node-webpack-sources (3.2.3+~3.2.0-2) ...
Setting up node-n3 (1.16.3+~1.2.3+~1.10.4-1) ...
Setting up fontconfig-config (2.14.1-4) ...
debconf: unable to initialize frontend: Dialog
debconf: (TERM is not set, so the dialog frontend is not usable.)
debconf: falling back to frontend: Readline
debconf: unable to initialize frontend: Readline
debconf: (This frontend requires a controlling tty.)
debconf: falling back to frontend: Teletype
Setting up node-serialize-javascript (6.0.0-2+deb12u1) ...
Setting up libxcb-glx0:arm64 (1.15-1) ...
Setting up node-resolve (1.22.1+~cs5.31.10-1) ...
Setting up libedit2:arm64 (3.1-20221030-2) ...
Setting up gpgsm (2.2.40-1.1+deb12u2) ...
Setting up node-are-we-there-yet (3.0.1+~1.1.0-1) ...
Setting up node-shell-quote (1.7.4+~1.7.1-1+deb12u1) ...
Setting up libxcb-shape0:arm64 (1.15-1) ...
Setting up node-find-up (6.3.0-7) ...
Setting up node-kind-of (6.0.3+dfsg-2) ...
Setting up libxcb-shm0:arm64 (1.15-1) ...
Setting up node-is-binary-path (2.1.0-5) ...
Setting up dbus-daemon (1.14.10-1~deb12u1) ...
Setting up node-events (3.3.0+~3.0.0-3) ...
Setting up node-minimist (1.2.7+~cs5.3.2-2) ...
Setting up libldap-2.5-0:arm64 (2.5.13+dfsg-5) ...
Setting up node-fancy-log (1.3.3+~cs1.3.1-2) ...
Setting up node-define-property (2.0.2+really+2.0.2-3) ...
Setting up libxcb-present0:arm64 (1.15-1) ...
Setting up node-promzard (0.3.0-2) ...
Setting up node-wcwidth.js (1.0.2-2) ...
Setting up node-resolve-cwd (3.0.0-2) ...
Setting up dirmngr (2.2.40-1.1+deb12u2) ...
Setting up node-fetch (3.3.0+~cs11.4.11-2) ...
Setting up node-babel7-runtime (7.20.15+ds1+~cs214.269.168-3+deb12u2) ...
Setting up node-iconv-lite (0.6.3-3) ...
Setting up perl (5.36.0-7+deb12u3) ...
Setting up node-type-check (0.4.0+dfsg-3) ...
Setting up libgprofng0:arm64 (2.40-2) ...
Setting up node-rechoir (0.8.0+~0.6.1-2) ...
Setting up libfreetype6:arm64 (2.12.1+dfsg-5+deb12u4) ...
Setting up node-ansi-styles (6.2.1-2) ...
Setting up libdata-dump-perl (1.25-1) ...
Setting up libxcb-sync1:arm64 (1.15-1) ...
Setting up libipc-system-simple-perl (1.30-2) ...
Setting up node-pkg-dir (5.0.0-2) ...
Setting up libxml-xpathengine-perl (0.14-2) ...
Setting up dbus (1.14.10-1~deb12u1) ...
invoke-rc.d: could not determine current runlevel
invoke-rc.d: policy-rc.d denied execution of start.
Setting up libgcc-12-dev:arm64 (12.2.0-14+deb12u1) ...
Setting up shared-mime-info (2.2-1) ...
Setting up libgssapi-krb5-2:arm64 (1.20.1-2+deb12u5) ...
Setting up node-collection-visit (1.0.0-4) ...
Setting up libio-html-perl (1.004-3) ...
Setting up node-restore-cursor (4.0.0-2) ...
Setting up node-async (0.8.0-6) ...
Setting up node-optimist (0.6.1+~0.0.30-2) ...
Setting up node-spdx-expression-parse (3.0.1+~3.0.1-1) ...
Setting up libdpkg-perl (1.21.23) ...
Setting up libx265-199:arm64 (3.5-2+b1) ...
Setting up libtimedate-perl (2.3300-2) ...
Setting up node-concat-stream (2.0.0+~2.0.0-2) ...
Setting up libregexp-ipv6-perl (0.03-3) ...
Setting up gpg-wks-server (2.2.40-1.1+deb12u2) ...
Setting up libxcb-dri2-0:arm64 (1.15-1) ...
Setting up node-is-typedarray (1.0.0-4) ...
Setting up node-undici (5.15.0+dfsg1+~cs20.10.9.3-1+deb12u4) ...
Setting up libdrm2:arm64 (2.4.114-1+b1) ...
Setting up node-inflight (1.0.6-2) ...
Setting up libxcb-randr0:arm64 (1.15-1) ...
Setting up cpp (4:12.2.0-3) ...
Setting up libllvm15:arm64 (1:15.0.6-4+b1) ...
Setting up node-hosted-git-info (6.1.1-2) ...
Setting up libcurl4:arm64 (7.88.1-10+deb12u15) ...
Setting up libx11-6:arm64 (2:1.8.4-2+deb12u2) ...
Setting up libgdk-pixbuf-2.0-0:arm64 (2.42.10+dfsg-1+deb12u4) ...
Setting up node-has-values (2.0.1-4) ...
Setting up curl (7.88.1-10+deb12u15) ...
Setting up libfontconfig1:arm64 (2.14.1-4) ...
Setting up libxkbfile1:arm64 (1:1.1.0-1) ...
Setting up node-encoding (0.1.13-2) ...
Setting up libxcomposite1:arm64 (1:0.4.5-1) ...
Setting up libsm6:arm64 (2:1.2.3-1) ...
Setting up liburi-perl (5.17-1) ...
Setting up libxmuu1:arm64 (2:1.1.3-3) ...
Setting up libx11-protocol-perl (0.56-9) ...
Setting up node-slice-ansi (5.0.0+~cs9.0.0-5) ...
Setting up libdrm-amdgpu1:arm64 (2.4.114-1+b1) ...
Setting up node-fs-write-stream-atomic (1.0.10-6) ...
Setting up libnet-ssleay-perl:arm64 (1.92-2+b1) ...
Setting up libtirpc3:arm64 (1.3.3+ds-1) ...
Setting up libxcb-dri3-0:arm64 (1.15-1) ...
Setting up node-cli-cursor (4.0.0-3) ...
Setting up libx11-xcb1:arm64 (2:1.8.4-2+deb12u2) ...
Setting up libhttp-date-perl (6.05-2) ...
Setting up libdrm-nouveau2:arm64 (2.4.114-1+b1) ...
Setting up libfile-basedir-perl (0.09-2) ...
Setting up libtie-ixhash-perl (1.23-4) ...
Setting up node-end-of-stream (1.4.4+~1.4.1-1) ...
Setting up libfile-listing-perl (6.15-1) ...
Setting up libxpm4:arm64 (1:3.5.12-1.1+deb12u1) ...
Setting up gpg-wks-client (2.2.40-1.1+deb12u2) ...
Setting up node-pump (3.0.0-5) ...
Setting up libfont-afm-perl (1.20-4) ...
Setting up libxrender1:arm64 (1:0.9.10-1.1) ...
Setting up libgbm1:arm64 (22.3.6-1+deb12u2) ...
Setting up node-regenerator-transform (0.15.1+~0.10.8-1) ...
Setting up libfile-fcntllock-perl (0.22-4+b1) ...
Setting up libclone-perl:arm64 (0.46-1) ...
Setting up libalgorithm-diff-perl (1.201-1) ...
Setting up libdrm-radeon1:arm64 (2.4.114-1+b1) ...
Setting up openssh-client (1:9.2p1-2+deb12u10) ...
Setting up libio-stringy-perl (2.111-3) ...
Setting up libhtml-tagset-perl (3.20-6) ...
Setting up libauthen-sasl-perl (2.1600-3) ...
Setting up liblwp-mediatypes-perl (6.04-2) ...
Setting up libgl1-mesa-dri:arm64 (22.3.6-1+deb12u2) ...
Setting up libheif1:arm64 (1.15.1-1+deb12u1) ...
Setting up libtry-tiny-perl (0.31-2) ...
Setting up libxext6:arm64 (2:1.3.4-1+b1) ...
Setting up libnet-http-perl (6.22-1) ...
Setting up binutils-aarch64-linux-gnu (2.40-2) ...
Setting up libencode-locale-perl (1.05-3) ...
Setting up libcurl3-gnutls:arm64 (7.88.1-10+deb12u15) ...
Setting up binutils (2.40-2) ...
Setting up dpkg-dev (1.21.23) ...
Setting up libxxf86vm1:arm64 (1:1.1.4-1+b2) ...
Setting up liberror-perl (0.17029-2) ...
Setting up node-levn (0.4.1+dfsg-2) ...
Setting up node-spdx-correct (3.1.1-2) ...
Setting up libegl-mesa0:arm64 (22.3.6-1+deb12u2) ...
Setting up libtirpc-dev:arm64 (1.3.3+ds-1) ...
Setting up node-glob (8.0.3+~cs8.4.15-1) ...
Setting up gcc-12 (12.2.0-14+deb12u1) ...
Setting up libxfixes3:arm64 (1:6.0.0-2) ...
Setting up libnotify4:arm64 (0.8.1-1) ...
Setting up node-get-stream (6.0.1-1) ...
Setting up libxinerama1:arm64 (2:1.1.4-3) ...
Setting up libgd3:arm64 (2.3.3-9+deb12u1) ...
Setting up libxv1:arm64 (2:1.0.11-1.1) ...
Setting up node-got (11.8.5+~cs58.13.36-3) ...
Setting up libxrandr2:arm64 (2:1.5.2-2+b1) ...
Setting up git (1:2.39.5-0+deb12u3) ...
Setting up libxt6:arm64 (1:1.2.1-1.1) ...
Setting up node-typedarray-to-buffer (4.0.0-2) ...
Setting up libfile-desktopentry-perl (0.22-3) ...
Setting up libnotify-bin (0.8.1-1) ...
Setting up libwww-robotrules-perl (6.02-1) ...
Setting up xauth (1:1.1.2-1) ...
Setting up libgdk-pixbuf2.0-bin (2.42.10+dfsg-1+deb12u4) ...
Setting up node-minipass (3.3.6+~cs9.4.19-1+deb12u1) ...
Setting up node-has-value (2.0.2-4) ...
Setting up libhtml-parser-perl:arm64 (3.81-1+deb12u1) ...
Setting up libnsl2:arm64 (1.3.0-2) ...
Setting up libegl1:arm64 (1.6.0-1) ...
Setting up gnupg (2.2.40-1.1+deb12u2) ...
Setting up libalgorithm-diff-xs-perl:arm64 (0.04-8+b1) ...
Setting up node-unset-value (2.0.1-1) ...
Setting up libio-socket-ssl-perl (2.081-2) ...
Setting up libc-devtools (2.36-9+deb12u14) ...
Setting up libalgorithm-merge-perl (0.08-5) ...
Setting up libhttp-message-perl (6.44-1) ...
Setting up libhtml-form-perl (6.11-1) ...
Setting up node-validate-npm-package-license (3.0.4-2) ...
Setting up node-optionator (0.9.1+dfsg+~cs1.2.3-1) ...
Setting up libfile-mimeinfo-perl (0.33-1) ...
Setting up node-ssri (9.0.1-2) ...
Setting up libhttp-negotiate-perl (6.01-2) ...
Setting up libxft2:arm64 (2.3.6-1) ...
Setting up libxmu6:arm64 (2:1.1.3-3) ...
Setting up libglx-mesa0:arm64 (22.3.6-1+deb12u2) ...
Setting up libxi6:arm64 (2:1.8-1+b1) ...
Setting up libglx0:arm64 (1.6.0-1) ...
Setting up node-write-file-atomic (4.0.2+~4.0.0-1) ...
Setting up libhttp-cookies-perl (6.10-1) ...
Setting up libxtst6:arm64 (2:1.2.3-1.1) ...
Setting up libhtml-tree-perl (5.07-3) ...
Setting up libpython3.11-stdlib:arm64 (3.11.2-6+deb12u8) ...
Setting up libxcursor1:arm64 (1:1.2.1-1) ...
Setting up libxxf86dga1:arm64 (2:1.1.5-1) ...
Setting up node-growl (1.10.5-4) ...
Setting up libhtml-format-perl (2.16-2) ...
Setting up libxaw7:arm64 (2:1.0.14-1) ...
Setting up x11-xserver-utils (7.7+9+b1) ...
Setting up gcc (4:12.2.0-3) ...
Setting up libgl1:arm64 (1.6.0-1) ...
Setting up libnet-smtp-ssl-perl (1.04-2) ...
Setting up libmailtools-perl (2.21-2) ...
Setting up zutty (0.14.0.20230218+dfsg1-1) ...
update-alternatives: using /usr/bin/zutty to provide /usr/bin/x-terminal-emulator (x-terminal-emulator) in auto mode
update-alternatives: warning: skip creation of /usr/share/man/man1/x-terminal-emulator.1.gz because associated file /usr/share/man/man1/zutty.1.gz (of link group x-terminal-emulator) doesn't exist
Setting up libhttp-daemon-perl (6.16-1+deb13u1~deb12u1) ...
Setting up libnsl-dev:arm64 (1.3.0-2) ...
Setting up x11-utils (7.7+5) ...
Setting up libc6-dev:arm64 (2.36-9+deb12u14) ...
Setting up libpython3-stdlib:arm64 (3.11.2-1+b1) ...
Setting up python3.11 (3.11.2-6+deb12u8) ...
Setting up libstdc++-12-dev:arm64 (12.2.0-14+deb12u1) ...
Setting up python3 (3.11.2-1+b1) ...
running python rtupdate hooks for python3.11...
running python post-rtupdate hooks for python3.11...
Setting up python3-six (1.16.0-4) ...
Setting up g++-12 (12.2.0-14+deb12u1) ...
Setting up python3-pkg-resources (66.1.1-1+deb12u2) ...
Setting up g++ (4:12.2.0-3) ...
update-alternatives: using /usr/bin/g++ to provide /usr/bin/c++ (c++) in auto mode
Setting up build-essential (12.9) ...
Setting up gyp (0.1+20220404git9ecf45e-2) ...
Setting up node-define-properties (1.1.4+~1.1.3-1) ...
Setting up libwww-perl (6.68-1) ...
Setting up node-acorn (8.8.1+ds+~cs25.17.7-2) ...
Setting up node-espree (9.4.1~dfsg-1) ...
Setting up node-debbundle-es-to-primitive (1.2.1+~cs9.7.25-2) ...
Setting up liblwp-protocol-https-perl (6.10-1) ...
Setting up libxml-parser-perl (2.46-4+deb12u1) ...
Setting up libxml-twig-perl (1:3.52-2) ...
Setting up libnet-dbus-perl (1.2.0-2) ...
Setting up libnode108:arm64 (18.20.4+dfsg-1~deb12u3) ...
Setting up libjs-util (0.12.5+~1.0.10-1) ...
Setting up nodejs (18.20.4+dfsg-1~deb12u3) ...
update-alternatives: using /usr/bin/nodejs to provide /usr/bin/js (js) in auto mode
update-alternatives: warning: skip creation of /usr/share/man/man1/js.1.gz because associated file /usr/share/man/man1/nodejs.1.gz (of link group js) doesn't exist
Setting up node-argparse (2.0.1-2) ...
Setting up node-sellside-emitter (1.2.1-3) ...
Setting up terser (5.16.5-2) ...
Setting up node-mime (3.0.0+dfsg+~cs3.97.1-1) ...
Setting up node-source-map-support (0.5.21+ds+~0.5.4-1) ...
Setting up node-unique-filename (1.1.1+ds-2) ...
Setting up node-unicode-match-property-ecmascript (2.0.0-2) ...
Setting up node-defined (1.0.1+~1.0.0-1) ...
Setting up node-mime-types (2.1.35-1) ...
Setting up node-ansi-escapes (5.0.0+really.4.3.1-1) ...
Setting up node-lcov-parse (1.0.0+20170612git80d039574ed9-6) ...
Setting up node-strip-ansi (6.0.1-2) ...
Setting up node-write (2.0.0~6.0.0+~3.0.4+~2.0.0+~1.0.0+~2.0.1-5) ...
Setting up node-ignore (5.2.1-1) ...
Setting up node-chalk (5.2.0-1) ...
Setting up node-which (2.0.2+~cs1.3.2-3) ...
Setting up node-punycode (2.1.1-6) ...
Setting up node-css-selector-tokenizer (0.8.0+~cs4.8.3-1) ...
Setting up node-tap-parser (11.0.2+~cs2.1.4-1) ...
Setting up node-esprima (4.0.1+ds+~4.0.3-2) ...
Setting up node-is-path-inside (3.0.3-2) ...
Setting up node-neo-async (2.6.2+~cs3.0.0-2) ...
Setting up node-mkdirp (1.0.4+~1.0.2-4) ...
Setting up node-uri-js (4.4.0+dfsg-8) ...
Setting up node-es6-error (4.1.1-5) ...
Setting up node-opener (1.5.2+~1.4.0-1) ...
Setting up node-archy (1.0.0-6) ...
Setting up node-js-yaml (4.1.0+dfsg+~4.0.5-7) ...
Setting up node-nopt (5.0.0-4) ...
Setting up node-lodash (4.17.21+dfsg+~cs8.31.198.20210220-9) ...
Setting up node-progress (2.0.3-2) ...
Setting up node-json5 (2.2.3+dfsg-1) ...
Setting up node-ms (2.1.3+~cs0.7.31-3) ...
Setting up node-rimraf (3.0.2-2) ...
Setting up node-string-width (4.2.3+~cs13.2.3-1) ...
Setting up node-regenerate (1.4.2-3) ...
Setting up node-semver (7.3.5+~7.3.9-2) ...
Setting up node-picocolors (1.0.0-4) ...
Setting up node-builtins (5.0.1-1) ...
Setting up node-is-primitive (3.0.1-3) ...
Setting up node-log-driver (1.2.7+git+20180219+bba1761737-7) ...
Setting up handlebars (3:4.7.7+~4.1.0-1) ...
Setting up node-object-assign (4.1.1-7) ...
Setting up node-is-glob (4.0.3-2) ...
Setting up node-v8-compile-cache (2.3.0-3+deb12u1) ...
Setting up node-flat-cache (3.0.4~6.0.0+~3.0.4+~2.0.0+~1.0.0+~2.0.1-5) ...
Setting up node-is-number (7.0.0-4) ...
Setting up node-for-in (1.0.2-4) ...
Setting up node-strip-json-comments (4.0.0-4) ...
Setting up libnode-dev (18.20.4+dfsg-1~deb12u3) ...
Setting up node-is-extendable (1.0.1-3) ...
Setting up node-columnify (1.6.0+~1.5.1-1) ...
Setting up node-doctrine (3.0.0-4) ...
Setting up node-copy-concurrently (1.0.5-9) ...
Setting up node-set-value (4.1.0+~4.0.1-2) ...
Setting up node-ajv (6.12.6-3) ...
Setting up node-jsesc (3.0.2+~3.0.1-1) ...
Setting up node-regjsparser (0.9.1+ds-2) ...
Setting up node-errno (1.0.0-3) ...
Setting up node-decamelize (4.0.0-2) ...
Setting up node-move-concurrently (1.0.1-5) ...
Setting up node-normalize-path (3.0.0+~3.0.0-1) ...
Setting up node-util (0.12.5+~1.0.10-1) ...
Setting up node-functional-red-black-tree (1.0.1+20181105-7) ...
Setting up node-debug (4.3.4+~cs4.1.7-1) ...
Setting up node-agent-base (6.0.2+~cs5.4.2-2) ...
Setting up node-browserslist (4.21.4+~cs6.1.17-2) ...
Setting up node-yargs-parser (21.1.1+~21.0.0-4) ...
Setting up node-coveralls (3.1.1-2) ...
Setting up node-make-dir (3.1.0-3) ...
Setting up node-validate-npm-package-name (5.0.0+~4.0.0-1) ...
Setting up node-esrecurse (4.3.0-2) ...
Setting up node-tap-mocha-reporter (5.0.3+~2.0.2-2) ...
Setting up node-file-entry-cache (6.0.0+~3.0.4+~2.0.0+~1.0.0+~2.0.1-5) ...
Setting up node-wrap-ansi (8.0.1+~8.0.1-3) ...
Setting up node-normalize-package-data (4.0.1+~2.4.1-1) ...
Setting up node-for-own (1.0.0-3) ...
Setting up node-eslint-scope (7.1.1+~3.7.4-1) ...
Setting up node-escodegen (2.0.0+dfsg+~0.0.7-2) ...
Setting up node-widest-line (3.1.0-2) ...
Setting up node-mixin-deep (2.0.1-3) ...
Setting up node-memory-fs (0.5.0+~0.3.3-2) ...
Setting up node-babel-helper-define-polyfill-provider (0.3.3~0~20220913+ds1-1) ...
Setting up node-assert (2.0.0+~cs3.9.8-2) ...
Setting up node-cli-table (0.3.11+~cs0.13.4-3) ...
Setting up node-tar (6.1.13+~cs7.0.5-1+deb12u1) ...
Setting up node-regenerate-unicode-properties (10.1.0+ds-1) ...
Setting up node-glob-parent (6.0.2+~5.1.1-2) ...
Setting up node-cli-truncate (2.1.0-5) ...
Setting up node-enhanced-resolve (5.10.0-1) ...
Setting up node-postcss (8.4.20+~cs8.0.23-1+deb12u1) ...
Setting up node-wide-align (1.1.3-4) ...
Setting up node-npm-package-arg (10.0.0+~3.0.0-2) ...
Setting up node-anymatch (3.1.3+~cs4.6.1-2) ...
Setting up node-postcss-modules-extract-imports (3.0.0-2) ...
Setting up node-https-proxy-agent (5.0.1+~cs8.0.0-3) ...
Setting up node-cliui (7.0.4+repack+~cs3.1.0-4) ...
Setting up node-regexpu-core (5.2.2-3) ...
Setting up node-yargs (16.2.0+~16.0.4-7) ...
Setting up node-to-regex-range (5.0.1-4) ...
Setting up node-union-value (2.0.1-4) ...
Setting up node-cacache (17.0.3+~cs10.3.7-1) ...
Setting up node-babel-plugin-polyfill-corejs2 (0.3.3~0~20220913+ds1-1) ...
Setting up node-ajv-keywords (3.5.2-2) ...
Setting up node-read-package-json (5.0.2+~2.0.0-1) ...
Setting up node-core-js-compat (3.26.1-3) ...
Setting up node-clone-deep (4.0.1+~cs7.0.2-1) ...
Setting up eslint (6.4.0~dfsg+~6.1.9-7) ...
Setting up node-babel-plugin-polyfill-regenerator (0.4.1~0~20220913+ds1-1) ...
Setting up node-gauge (4.0.4-1) ...
Setting up node-readdirp (3.6.0-1) ...
Setting up node-ws (8.11.0+~cs13.7.3-1) ...
Setting up node-cache-base (4.0.2-1) ...
Setting up node-icss-utils (5.1.0+~5.1.0-1) ...
Setting up node-npm-bundled (2.0.1-2) ...
Setting up node-schema-utils (3.1.1~ds-2) ...
Setting up node-jest-worker (29.3.1~ds1+~cs70.48.25-2) ...
Setting up node-npmlog (7.0.1+~4.1.4-1) ...
Setting up node-babel-plugin-polyfill-corejs3 (0.6.0~0~20220913+ds1-1) ...
Setting up node-postcss-modules-values (4.0.0+~4.0.0-1) ...
Setting up node-fill-range (7.0.1+~7.0.0-1) ...
Setting up node-base (3.0.0-3) ...
Setting up node-gyp (9.3.0-2) ...
Setting up node-braces (3.0.2+~3.0.1-1) ...
Setting up node-chokidar (3.5.3-2) ...
Setting up node-watchpack (2.4.0+~cs2.8.1-1) ...
Setting up node-micromatch (4.0.5+~4.0.2-1) ...
Setting up node-globby (13.1.3+~cs16.25.40-1+deb12u1) ...
Setting up node-del (7.0.0-5) ...
Setting up node-find-cache-dir (3.3.2+~3.2.1-1) ...
Setting up node-babel7 (7.20.15+ds1+~cs214.269.168-3+deb12u2) ...
update-alternatives: using /usr/bin/babeljs-7 to provide /usr/bin/babeljs (babeljs) in auto mode
update-alternatives: using /usr/bin/babeljs-7-external-helpers to provide /usr/bin/babeljs-external-helpers (babeljs-external-helpers) in auto mode
update-alternatives: using /usr/bin/babeljs-7-node to provide /usr/bin/babeljs-node (babeljs-node) in auto mode
update-alternatives: using /usr/bin/babeljs-7-parser to provide /usr/bin/babeljs-parser (babeljs-parser) in auto mode
Setting up node-babel-plugin-lodash (3.3.4+~cs2.0.1-6) ...
Setting up node-jest-debbundle (29.3.1~ds1+~cs70.48.25-2) ...
Setting up node-parse-json (5.2.0+~cs5.1.7-1) ...
Setting up node-read-pkg (5.2.0-2) ...
Setting up node-istanbul (0.4.5+repack10+~cs97.25.57-3) ...
Setting up node-tape (5.6.1+~cs8.20.19-1) ...
Setting up node-tap (16.3.2+ds1+~cs50.8.16-1+deb12u1) ...
Setting up node-deep-equal (2.1.0+~cs31.12.80-1) ...
Setting up node-es-abstract (1.20.4+~cs26.27.47-1) ...
Setting up node-webassemblyjs (1.11.4+dfsg+~cs10.11.17-2) ...
Setting up webpack (5.75.0+dfsg+~cs17.16.14-1+deb12u1) ...
Setting up node-css-loader (6.7.2+~cs14.0.11-1) ...
Setting up npm (9.2.0~ds1-1) ...
Processing triggers for libc-bin (2.36-9+deb12u14) ...
v18.20.4
9.2.0
